"Sample","otu103","otu2379","otu2423","otu2890","otu3392","otu3990","otu6383","otu7576","otu8173","otu10439","otu11469","otu12942","otu14164","otu14687","otu16950","otu17585","otu18139","otu19110","otu19222","otu20282","otu20391","otu20703","otu22228","otu23285","otu25063","otu25427","otu25710","otu28108","otu31152","otu31325","otu31444","otu31969","otu32195","otu32615","otu33234","otu36476","otu39098","otu39807","otu43591","otu45913","otu48041","otu48408","otu48887","otu50008","otu50138","otu50467","otu52238","otu53645","otu54876","otu55081","otu55238","otu56581","otu59067","otu59191","otu60864","otu66318","otu68191","otu71155","otu73457","otu74222","otu76164","otu76835","otu76999","otu82036","otu84287","otu84549","otu87197","otu88227","otu89221","otu93238","otu93508","otu96417","otu96750","otu97002","otu98406","otu100173","otu100185","otu102612","otu105055","otu105918","otu108443","otu108571","otu112686","otu114021","otu114513","otu115907","otu116772","otu118033","otu118446","otu119012","otu119351","otu119688","otu124110","otu128725","otu131157","otu133662","otu134168","otu135996","otu136348","otu136731","otu141404","otu141623","otu142678","otu144130","otu146262","otu150436","otu150668","otu151653","otu152190","otu152392","otu152633","otu155450","otu155734","otu156628","otu156773","otu165510","otu167689","otu168963","otu169626","otu169862","otu171230","otu176043","otu178937","otu180428","otu183494","otu184889","otu187124","otu191377","otu195186","otu196432","otu196435","otu196730","otu197535","otu198682","otu199327","otu199919","otu199925","otu200917","otu201666","otu202429","otu203792","otu204699","otu209458","otu210135","otu210568","otu211475","otu212247","otu212474","otu213730","otu214531","otu214596","otu215966","otu217172","otu217482","otu217551","otu218012","otu218128","otu220670","otu221165","otu221454","otu224289","otu224843","otu225267","otu225313","otu227914","otu233140","otu233874","otu235052","otu236476","otu239729","otu242522","otu243901","otu244479","otu246873","otu247588","otu248700","otu249461","otu250554","otu250673","otu252230","otu254406","otu254548","otu255165","otu255693","otu257293","otu262772","otu263370","otu264331","otu265060","otu265487","otu267337","otu267443","otu268177","otu270930","otu271789","otu271931","otu271958","otu272939","otu273054","otu274089","otu276586","otu279850","otu280449","otu281259","otu283555","otu284157","otu286356","otu287098","otu287132","otu289481","otu290333","otu291017","otu294200","otu294208","otu295992","otu296447","otu297517","otu299057","otu302387","otu303302","otu305533","otu311714","otu312554","otu312684","otu312836","otu313989","otu315742"
"D2",0,0,0,0,0,0,0,0,0,0,0,0,0,0,0,0,0,0,0,0,0,0,0,0,0,0,0,0,0,0,0,0,0,0,0,0,0,0,0,0,0,0,0,0,0,0,0,0,0,0,0,0,0,0,0,0,0,0,0,0,0,0,0,0,0,0,0,0,0,0,0,0,0,0,0,0,0,0,0,0,0,0,0,0,0,0,0,0,0,0,0,1333,0,0,0,0,0,0,0,0,0,0,0,0,0,0,0,0,0,0,0,0,0,0,0,0,0,0,0,0,0,0,0,0,619,0,0,0,0,0,0,0,0,0,0,0,2,0,0,0,0,0,0,0,0,0,0,0,0,0,0,0,0,0,0,0,0,0,0,0,0,0,0,0,0,0,0,0,0,0,0,0,0,0,0,0,0,0,0,0,0,0,0,0,0,0,0,0,0,0,0,0,0,0,0,0,0,0,0,0,0,0,0,0,0,0,0,0,0,0,0,0,0,0,0,0,0,0,0,0,0,0,0,0,0,0,0
"D3",0,0,0,0,0,0,2,0,94,0,0,0,7,0,2,0,0,0,0,75,7,4,0,0,0,0,0,0,0,0,2,0,2,0,0,0,5,2,0,0,0,0,3,0,0,0,2,0,0,2851,0,0,239,0,11,26565,0,0,0,0,0,2,6,9,2,4,0,2,0,0,0,0,0,0,0,4,0,0,0,0,0,0,0,0,0,0,0,0,0,0,6,0,2,0,2,0,0,0,0,0,28,3,0,0,353,10,0,3,0,0,0,0,0,0,0,58,1,0,10,0,57,0,0,0,5,2,0,0,0,2,0,0,0,0,0,5,0,30,0,12,0,2,0,17,0,3,0,5,0,0,0,0,0,0,0,0,4,0,0,0,5,0,0,0,0,0,2,0,21,0,0,30953,0,0,0,0,0,0,0,308,0,1229,0,0,0,0,8,0,0,31,0,0,0,0,2,0,0,1,0,0,0,0,0,0,0,0,0,2,0,0,0,0,0,0,0,0,0,0,0,0,0,7,0,3,0,0,0
"D4",0,0,0,0,0,0,0,0,0,0,0,0,0,0,0,0,0,0,0,0,0,0,0,0,0,0,0,0,0,0,0,833,0,0,0,0,0,0,0,0,0,0,0,0,0,0,0,0,0,0,0,0,0,0,0,0,0,0,0,0,0,0,0,0,0,0,0,0,0,0,17,0,0,0,0,0,0,0,0,1099,0,0,0,0,0,0,0,0,0,0,0,0,0,0,0,806,0,0,0,0,0,0,0,0,0,0,0,0,0,0,0,0,0,0,0,0,0,0,0,0,0,0,0,0,0,0,0,0,0,0,0,0,0,0,0,0,0,0,0,0,0,0,0,0,0,0,0,0,0,0,0,0,0,0,0,0,0,0,1759,0,0,0,0,0,0,0,0,0,0,0,0,0,0,0,0,0,0,0,0,0,0,0,0,0,112,0,0,0,0,0,0,0,0,0,0,0,0,0,0,0,0,0,0,0,0,0,0,0,0,0,0,0,0,0,0,0,0,0,628,0,0,0,0,0,0,0,0
"D5",0,0,0,0,0,0,0,0,0,0,0,0,0,0,0,0,0,0,0,0,0,18,0,0,0,0,0,0,0,0,0,0,0,0,0,0,0,0,0,0,7,0,0,0,0,0,0,0,0,0,0,0,0,0,0,0,0,0,0,0,0,0,0,75259,0,0,0,0,0,0,0,0,0,0,0,0,0,0,0,0,0,0,0,0,0,0,0,0,0,0,0,0,0,0,0,0,0,0,0,0,0,0,0,0,0,0,0,0,0,0,0,0,0,0,0,0,0,0,2,0,0,0,0,0,0,0,0,0,0,0,0,0,724,0,0,205,0,0,0,0,0,0,0,0,0,0,0,116,0,0,0,0,0,0,0,0,0,0,0,0,11,0,0,0,0,0,0,0,0,0,0,0,0,0,0,0,0,0,0,0,0,0,0,0,0,0,0,0,0,0,0,0,0,0,0,0,0,0,0,0,0,0,0,0,0,0,1,0,0,0,0,0,0,0,0,11,0,0,0,0,0,0,0,0,0,0,0
"D6",287,52,30,3,0,0,14,17,184,8,0,0,39,37,6,34,0,3,13,0,208,0,0,28,0,12,28,30,26,0,55,0,242,156,0,289,14,7,0,9,31,46,0,32,0,25,0,3,9,5,95,0,0,36,0,0,17,0,0,1,0,217,0,0,6,52,123,36,43,21,0,0,23,19,0,39,0,98,0,0,38,0,13,9,37,17,15,38,16,17,0,0,92,178,82,0,17,0,0,183,0,24,4,419,31,99,0,18,0,0,0,10,41,52,0,0,0,0,303,354,0,86,0,39,12,6,30,105,35,0,111,0,4,19,81,0,58,15,4,378,0,19,15,1218,21,24,0,0,0,0,19,155,0,18,16,6,256,83,0,76,6,6,128,78,0,23,19,1,43,48,0,0,73,0,1,64,21,0,4,0,11,24,0,112,0,242,39,0,0,0,16,162,0,31,126,26,4,19,161,0,0,78,2,5,0,0,9,1,0,37,0,0,9,3,1,0,0,40,0,0,10,43,22,0,0,50,32
"D7",0,0,0,0,0,0,0,0,2,0,0,0,0,0,0,0,120,0,0,55,0,0,0,0,0,0,0,0,0,0,0,0,0,0,0,0,0,0,0,0,0,0,0,0,0,0,0,0,0,0,0,0,342,0,0,0,0,0,0,0,0,0,0,0,0,0,0,0,0,0,0,0,0,0,0,0,0,0,0,0,0,0,0,0,0,0,0,0,0,2,1053,2445,0,0,0,0,0,0,0,0,0,0,0,0,0,0,0,0,0,0,0,0,0,0,0,0,115,0,2,0,0,0,8097,0,0,0,0,0,0,0,0,6,0,0,0,0,0,0,0,0,0,0,0,0,0,0,0,0,0,0,0,0,0,0,0,0,0,0,0,0,0,0,0,0,0,0,0,0,0,0,0,9,0,0,0,0,0,0,0,0,0,0,0,0,0,0,0,0,0,0,0,0,0,0,0,0,0,0,0,0,0,0,0,0,0,0,0,0,0,0,0,0,0,0,0,0,0,0,0,0,0,0,0,0,0,0,0
"D8",9,6,2,0,0,0,55,0,350,0,0,0,20,5,0,0,3,0,0,0,0,0,0,2,0,0,49,0,0,20,20,0,0,0,0,0,0,0,0,0,0,28,0,3,0,0,0,0,0,0,0,0,0,0,0,0,96,0,0,0,0,0,0,0,45,32,0,22,0,0,0,0,3,0,0,1,0,0,0,0,0,0,0,0,0,0,0,0,0,0,456,225,0,0,12,0,0,14,2,0,0,0,0,4,0,0,0,0,0,0,0,0,87,0,0,0,0,0,170,0,0,0,3249,0,0,0,0,11,0,5,867,4,0,0,0,0,0,0,0,114,0,24,5,0,0,50,0,0,0,0,0,27,0,0,0,0,32,24,0,0,0,44,0,4,0,0,0,0,0,0,0,0,41,1,0,0,324,0,0,0,0,0,0,0,0,36,59,0,0,0,0,0,1,0,0,0,0,30,5,0,0,0,0,0,0,0,0,0,0,6,0,0,2,0,1,0,0,107,0,0,0,0,0,0,0,0,0
"D9",0,0,0,0,1,0,0,0,0,0,0,0,0,0,0,0,0,0,0,0,0,0,0,0,0,0,0,0,0,0,0,0,0,0,0,0,0,0,0,0,0,0,0,0,0,0,0,0,0,0,0,0,0,0,0,0,0,0,0,0,0,0,0,11,0,0,0,0,0,0,1559,0,0,0,1502,0,0,0,0,0,0,0,0,0,0,0,0,0,0,0,0,0,0,0,0,80,0,0,0,0,0,0,0,0,0,0,0,0,0,0,0,0,0,0,0,0,0,0,0,0,0,0,0,0,0,0,0,0,0,0,0,0,0,0,0,0,0,0,0,7,0,0,0,0,0,0,0,0,0,0,0,0,2,0,0,0,0,0,0,0,0,0,0,0,0,0,0,0,0,0,0,0,0,0,0,0,0,0,0,0,0,0,0,0,0,0,0,0,0,0,0,0,0,0,0,0,0,0,0,0,0,0,0,0,2,7772,0,0,0,0,0,9,0,0,0,0,12156,0,0,0,0,0,0,0,0,0,0
"D10",0,0,7,0,0,0,0,2,0,0,0,0,0,0,0,0,4,0,0,0,0,0,0,0,0,0,0,0,0,0,0,0,0,0,0,0,0,0,0,0,0,0,0,0,0,0,0,0,0,0,0,0,0,0,0,0,0,0,0,0,0,0,0,0,0,0,0,0,0,0,0,0,0,0,0,0,0,0,0,0,0,0,0,0,0,0,0,0,0,0,0,0,0,0,0,0,0,0,0,0,0,0,0,0,0,0,0,0,0,0,0,8,0,0,0,0,0,0,0,0,0,0,0,0,0,0,0,0,0,1,7,0,0,0,0,0,0,0,0,3,0,0,0,0,0,0,0,0,0,0,0,0,0,0,0,0,0,0,0,0,0,0,0,0,0,30,0,0,0,0,0,0,0,0,0,0,0,0,0,0,0,0,0,0,0,0,0,0,0,0,0,0,0,0,0,0,0,0,0,0,0,0,0,0,0,0,0,0,0,0,0,0,0,0,0,0,0,0,0,0,0,0,0,0,0,0,0
"D11",0,0,0,2,0,0,0,1,0,0,0,0,2,0,2,18,166,0,0,0,0,0,0,12,16,6,0,0,0,0,0,0,0,95,0,0,3,5,0,2,0,0,0,0,236,24,0,3,0,0,0,0,0,0,0,0,1,23,0,0,0,48,0,11,0,0,0,3,0,0,0,0,0,26,0,0,3,0,0,0,0,0,0,0,0,4,0,0,8,0,1,0,0,0,0,0,0,0,0,0,3,0,0,9,0,4,0,0,0,0,0,0,0,0,0,0,170,0,5,0,0,0,0,209,1272,1,11,0,3,0,2,0,0,0,0,0,0,0,0,0,0,0,0,0,0,3,84,0,0,325,0,0,0,0,0,0,1,0,0,0,0,8,0,0,0,0,0,0,0,0,10,27,0,0,4,0,0,5,2,0,0,0,0,0,0,0,0,0,0,0,3,0,0,16,2,0,0,0,0,11,0,2,0,1,0,0,0,0,16,8,0,0,0,21,0,0,0,2,0,0,0,0,0,2,3,0,0
"D12",0,0,0,0,0,0,0,0,0,0,0,0,0,0,0,0,0,0,0,0,0,0,0,0,0,0,0,0,0,0,0,0,0,0,0,0,0,0,0,0,0,0,0,0,0,0,0,0,0,0,0,0,0,0,0,4,0,0,0,0,0,0,0,0,0,0,0,0,0,0,0,0,2,0,2,0,0,0,0,0,0,0,0,2,0,0,0,0,0,0,0,0,0,0,0,0,0,0,0,0,0,0,0,0,0,0,0,0,0,0,0,0,0,0,0,0,0,0,0,0,0,0,0,0,0,0,0,0,0,0,0,0,0,0,0,0,0,0,0,0,0,0,0,191,0,0,0,0,0,0,0,0,0,0,0,0,0,0,0,0,1,0,0,0,0,0,0,0,0,0,0,0,0,0,0,0,0,0,0,0,0,0,0,0,0,0,0,0,0,0,0,0,0,0,0,0,0,0,0,0,0,0,0,0,0,0,0,0,0,0,0,0,0,0,0,204328,0,0,0,0,0,0,0,0,0,0,0
"D13",0,0,0,0,0,5,0,2,0,0,0,43,0,0,0,0,0,0,6,0,15,168,0,0,3,0,0,0,14,2,0,0,0,0,0,0,0,0,0,0,0,2,7,17,2160,0,66,0,0,0,15,0,0,0,0,8,0,27,0,9,0,0,34,0,0,0,0,0,0,6,0,0,3,0,0,0,3,0,1,0,0,0,0,0,0,0,0,0,0,0,0,0,0,0,0,0,0,0,0,0,0,0,0,0,18,0,0,0,37,12,0,0,0,3,0,0,0,29,0,0,59,0,0,0,358,0,97,4,0,0,0,0,0,0,0,0,0,0,0,8,51,0,0,0,0,0,34,11,0,0,0,0,0,0,2,0,0,0,0,195,24,0,0,0,0,0,0,0,0,0,0,2,0,0,24,0,0,0,75,131,0,0,0,0,0,0,0,1,817,0,5,0,0,516,6,0,0,0,0,0,0,0,15,0,0,0,0,0,15,0,0,0,0,8,0,0,0,0,0,0,0,0,0,0,5,0,3
"D14",0,0,0,24,0,16,0,56,0,0,0,0,0,0,3,0,85,0,0,0,106,0,0,15,20,0,7,2,0,4,0,0,216,0,0,0,3,10,0,2,0,0,3,15,309,24428,0,0,0,0,0,0,0,0,0,0,23,316,6,0,0,204,0,0,0,0,0,60,0,24,0,0,0,951,0,0,64,0,39,0,12,0,0,15,0,20,80,1,0,0,0,0,353,0,0,0,0,0,35,0,0,1,0,1260,9532,5,0,0,0,118,0,0,3,0,0,0,17,0,13,215,0,0,0,4,0,123,36,0,24,0,4,0,217,36,0,3,0,17,20,6,7,0,165,0,0,13,20,0,0,0,0,0,0,0,3,4,0,0,0,0,0,1,0,0,0,12,0,0,0,0,0,0,0,21,0,0,0,241,11,0,0,0,2,0,0,0,0,0,0,0,0,0,0,49,64,0,2,0,0,53,0,12,6,22,10,0,0,0,32,4,3,0,0,25,0,0,0,18,0,0,0,0,0,20,1,455,0
"D15",0,0,0,0,0,0,0,0,0,0,0,0,0,0,0,0,0,0,0,0,0,0,0,0,0,0,0,0,0,0,0,0,0,0,0,78,0,0,0,11,0,0,0,0,0,0,0,0,0,0,0,0,0,0,0,0,0,0,0,0,0,0,0,0,0,0,0,0,0,0,0,0,0,0,0,3,0,0,0,0,0,0,3,0,0,0,0,0,2,4,0,0,0,0,0,0,0,0,0,0,0,0,0,0,0,0,0,0,0,0,0,0,0,0,0,0,0,0,15,0,0,0,0,0,0,0,0,0,0,0,1,22,0,0,0,0,0,0,0,0,0,0,0,0,0,0,0,0,0,0,0,0,0,0,0,0,0,0,0,0,0,0,0,0,0,0,0,0,0,0,0,0,0,0,0,0,0,3,0,0,0,0,0,0,0,0,0,0,0,2,0,2,0,0,0,0,0,0,0,0,0,0,0,0,0,0,0,0,0,0,0,0,0,0,0,0,0,0,0,4,0,0,0,0,0,0,0
"D16",197,3,23,57,0,0,0,0,53,67,1,0,43,3,3,31,0,0,0,0,0,0,0,75,1,12,1,4,0,36,7,0,5,0,0,0,0,40,0,0,453,0,0,30,7,28,0,0,9,227,0,0,0,0,0,0,7,24,196,0,121,91,0,4835,7,101,34,28,11,15,0,0,60,14,0,137,2,7,0,0,28,0,38,0,4,5,20,61,0,0,0,0,33,94,61,0,0,18,0,0,0,44,137,110,261,25,0,3,0,114,119,11,0,0,0,0,0,0,134,0,430,30,0,4,0,31,0,51,28,137,25,0,0,2,24,0,9,0,0,913,4,0,9,0,2,770,0,0,0,0,0,0,0,0,56,0,46,12,0,33,0,0,144,282,0,305,9,0,0,30,0,0,30,11,25,0,1,0,64,0,13,0,0,29,0,17,0,0,0,0,0,0,0,1567,97,3,2,0,332,31,2,3,12,8,0,0,0,0,0,50,0,0,17,5,29,0,0,107,3,0,23,56,2,0,0,71,244
"D17",0,0,2,0,7,0,0,0,0,0,27,2819,0,0,0,0,0,0,0,0,0,0,0,0,0,0,0,0,0,0,0,0,0,0,5,0,0,0,6,0,3,0,0,0,0,0,0,0,0,0,0,6,1370,0,27,0,0,0,0,0,6,0,6,7,0,0,0,0,0,0,3,0,0,0,0,0,0,0,0,8,0,0,0,0,0,0,0,0,0,0,0,0,0,0,0,21,0,0,0,0,0,0,0,0,0,0,0,0,0,0,0,0,0,0,0,2,0,0,0,0,0,0,0,0,0,0,0,0,0,0,0,19,0,0,0,9,0,0,0,2,0,0,0,1,0,0,0,16,0,0,0,0,8,7,0,0,2,0,3,0,2,0,0,0,0,0,0,0,0,0,0,0,0,0,0,0,0,4,0,0,0,0,0,0,29,0,0,0,0,19,0,0,11,0,0,0,0,410,0,0,0,0,0,0,0,0,0,0,0,0,11,3,0,0,0,4,44,0,268,2,0,0,0,0,0,3,0
"D18",0,0,0,0,0,0,0,0,0,0,0,0,0,0,0,0,0,0,0,0,0,0,0,0,0,0,0,0,0,0,0,3,0,0,0,0,0,0,0,0,0,0,0,0,0,0,12932,0,0,0,0,0,53,0,0,0,0,0,0,0,0,0,0,0,0,0,0,0,0,0,20,0,0,0,0,0,0,0,0,15,0,3,0,0,0,0,0,0,0,0,0,0,0,0,0,13,0,0,0,0,0,0,0,39810,0,0,81,0,0,0,0,0,0,0,0,0,0,0,0,0,0,0,0,0,0,0,0,0,0,0,0,0,0,0,0,0,0,0,0,0,0,0,0,0,0,0,0,0,0,0,0,0,0,0,0,0,0,0,0,0,0,0,0,0,0,0,0,0,0,0,0,0,0,0,0,0,0,0,0,0,0,0,0,0,3,0,0,0,0,0,0,0,0,0,0,0,0,0,0,0,0,0,0,0,0,0,0,0,0,0,0,10,0,0,0,0,0,0,50,5,0,0,0,0,0,0,0
"D19",0,0,0,0,0,0,0,0,0,0,0,0,0,0,0,0,81,0,0,0,0,0,0,0,0,0,0,0,0,0,0,0,0,0,0,0,0,0,0,0,0,0,0,0,0,0,0,0,0,0,0,0,0,0,0,0,0,0,0,0,0,0,0,0,0,0,0,0,0,0,0,0,0,0,0,0,0,0,0,0,0,0,0,0,0,0,0,0,0,0,133,8494,0,0,0,0,0,0,0,0,0,0,0,0,0,0,0,0,0,0,0,0,0,0,0,0,47,0,0,0,0,0,10232,0,0,0,0,0,0,0,2,3,0,0,0,0,0,0,0,0,0,0,0,0,0,0,0,0,0,0,0,0,0,0,0,0,0,0,0,0,0,0,0,0,0,0,0,0,0,0,0,0,0,0,0,0,0,0,0,0,0,0,0,0,0,0,0,0,0,0,0,0,0,0,0,0,0,0,0,0,0,0,0,0,0,0,0,0,0,0,0,0,0,0,0,0,0,0,0,0,0,0,0,0,0,0,0
"D20",0,0,0,0,665,0,0,0,0,0,0,37,0,0,0,0,0,0,0,3398,0,6,21,0,0,0,0,0,0,0,0,1034,0,0,61,0,0,0,0,0,0,0,15,0,0,60,0,0,0,46,0,0,5958,0,128,229,0,0,0,6,0,0,7,40,0,0,0,0,0,0,18,142,12,0,4,0,0,0,0,98,0,0,0,0,0,0,0,0,0,0,0,0,0,0,0,13,0,0,0,0,830,0,0,0,851,0,204,0,0,0,0,0,0,0,0,23,0,28,0,0,0,0,0,0,0,0,0,0,0,0,0,0,949,0,0,0,0,0,0,0,0,0,0,60,0,0,0,0,0,0,0,0,43,0,0,0,0,0,127,0,0,0,0,0,0,0,0,20,0,0,0,92,0,0,0,0,0,0,0,0,0,12,0,0,139,0,0,125,0,232,0,0,0,0,0,0,0,0,0,0,0,0,0,0,0,0,0,0,0,0,2269,98,0,0,0,0,0,0,1510,220,0,0,0,0,0,0,0
"D21",0,0,0,0,0,0,0,0,0,0,0,0,0,0,0,0,0,0,0,0,0,0,0,0,0,0,0,0,0,0,0,0,0,0,0,0,0,0,0,0,0,0,0,0,0,0,0,0,0,0,0,0,0,0,0,0,0,0,0,0,0,0,0,26,0,0,0,0,0,0,0,0,0,0,4,0,0,0,0,0,0,0,0,0,0,0,0,0,0,0,0,0,0,0,0,0,0,0,0,0,0,0,0,0,0,0,0,0,0,0,0,0,0,0,0,0,0,0,0,0,0,0,0,0,0,0,0,0,0,0,0,0,0,0,0,0,0,0,0,0,0,0,0,0,0,0,0,0,0,0,0,0,0,0,0,0,0,0,0,0,0,0,0,0,0,0,0,0,0,0,0,0,0,0,0,0,0,0,0,0,0,0,0,0,0,0,0,0,0,0,0,0,0,0,0,0,0,0,0,0,0,0,0,0,0,0,0,0,0,0,0,0,0,0,0,15956,0,0,0,0,0,0,0,0,0,0,0
"D22",0,0,0,0,0,0,0,0,0,0,0,7,0,0,0,0,0,0,0,0,0,0,0,0,0,0,0,0,0,0,0,281,0,0,1,0,0,0,0,0,0,0,0,0,0,0,3,0,0,0,0,0,0,0,0,0,0,0,0,0,0,0,0,0,0,0,0,0,0,0,688,3,0,0,2,0,0,0,0,590,0,0,0,0,0,0,0,0,0,0,0,4,0,0,0,7518,0,0,0,0,0,0,0,0,0,0,0,0,0,0,0,0,0,0,0,0,0,23,0,0,0,0,0,0,36,0,0,0,0,0,0,0,0,0,0,0,0,0,0,0,0,0,0,0,0,0,0,0,0,0,0,0,0,0,0,0,0,0,7060,0,0,0,0,0,12,0,0,0,0,0,0,0,0,0,0,0,0,0,0,0,0,0,0,0,19750,0,0,0,4,0,0,0,0,0,0,0,0,0,0,0,0,0,0,0,0,0,0,0,0,0,0,0,0,0,0,0,0,0,529,2,0,0,0,0,0,0,0
"D23",0,0,0,0,0,0,0,0,0,0,0,0,0,0,0,0,0,0,0,0,0,0,0,0,0,0,0,0,0,0,0,0,0,0,0,0,0,0,0,0,0,0,0,0,0,0,0,0,0,0,0,0,2,0,0,0,0,0,0,0,0,0,0,0,0,0,0,0,0,0,0,0,0,0,0,0,0,0,0,0,0,0,0,0,0,0,0,0,0,0,0,0,0,0,0,0,0,0,0,0,0,0,0,0,0,0,2,0,0,0,0,0,0,0,0,0,0,0,0,0,0,0,0,0,0,0,0,0,0,0,0,0,0,0,0,0,0,0,0,0,0,0,0,0,0,0,0,0,0,0,0,0,0,10,0,0,0,0,0,0,0,0,0,0,0,0,0,0,0,0,0,0,0,0,0,0,0,0,0,0,0,0,0,0,0,0,0,0,0,0,0,0,0,0,0,0,0,0,0,0,0,0,0,0,0,0,0,0,0,0,0,0,0,0,0,0,0,0,2,0,0,0,0,0,0,0,0
"D24",200,42,18,0,0,0,6,2,64,0,0,0,16,29,1,13,0,2,11,0,117,0,0,28,0,3,15,9,8,3,18,0,120,56,0,209,7,6,0,4,3,32,0,19,0,21,0,5,5,0,59,0,0,11,58,0,8,1,0,0,0,125,0,0,2,41,50,16,6,3,0,0,12,25,0,23,0,65,0,0,31,0,3,6,32,14,11,37,5,6,0,0,78,153,52,0,9,0,0,159,17,14,1,119,20,95,0,3,6,19,1,11,6,10,0,1,0,0,189,159,0,70,0,7,0,1,5,72,15,0,10,0,2,15,27,0,71,6,0,110,0,9,13,170,23,10,0,0,0,0,23,76,0,42,18,0,96,60,0,71,5,1,112,94,0,20,2,2,22,23,6,0,28,0,0,15,10,0,2,0,6,2,0,21,0,170,8,0,0,0,15,24,0,23,66,10,5,7,90,0,0,65,1,3,0,0,1,2,0,9,0,0,15,0,0,0,0,17,0,0,2,29,11,0,0,20,11
"D25",0,0,0,0,0,0,0,0,0,0,0,0,0,0,0,0,0,0,0,0,0,0,0,0,0,0,0,0,0,0,0,0,0,11,0,1,0,0,0,0,0,0,0,0,0,0,0,0,0,0,0,0,0,0,0,7,0,0,0,0,0,0,0,0,0,0,0,0,0,0,0,0,0,0,0,0,0,0,0,0,0,0,0,0,0,0,0,0,0,0,0,0,0,0,0,0,0,0,0,0,0,0,0,0,0,0,0,0,0,0,0,0,0,0,0,0,0,0,0,0,0,0,0,0,488,0,0,2,0,0,0,0,0,0,0,0,0,0,0,0,0,0,0,0,0,0,0,0,0,0,0,0,0,0,0,0,0,0,0,0,0,0,0,0,0,0,0,0,0,0,0,0,0,0,0,0,0,0,0,0,0,0,0,0,0,0,0,0,0,0,0,0,0,0,0,0,0,0,0,0,0,2,0,0,0,0,0,0,0,0,0,0,0,0,0,0,0,2,0,0,0,0,0,0,0,0,0
"D26",0,0,0,0,0,0,0,0,0,0,0,0,0,0,0,0,0,0,0,0,0,0,0,0,0,0,0,0,0,0,0,0,0,0,0,0,0,0,0,0,0,0,0,0,0,0,0,0,0,0,0,0,0,0,0,7,0,0,0,0,0,0,0,0,0,0,0,0,0,0,0,0,0,0,0,0,0,0,0,0,0,0,0,0,0,0,0,0,0,0,0,0,0,0,0,0,0,0,0,0,0,0,0,0,0,0,0,0,0,0,0,0,0,0,0,0,0,0,0,0,0,0,0,0,0,0,0,0,0,0,0,0,0,0,0,0,0,0,0,0,0,0,0,0,0,0,0,0,0,0,0,0,0,0,0,0,0,0,0,0,0,0,0,0,0,0,0,0,0,0,0,0,0,0,0,0,0,0,0,0,0,0,0,0,0,0,0,0,0,0,0,0,0,0,0,0,0,0,0,0,0,0,0,0,0,0,0,0,0,0,0,0,0,0,0,0,0,0,0,0,0,0,0,0,0,0,0
"D27",0,0,0,0,0,0,0,0,0,0,0,0,0,0,0,0,0,9,0,0,0,0,0,0,0,0,0,0,0,0,0,0,0,2,0,0,0,0,0,0,0,0,0,0,0,15,0,0,0,0,0,0,0,0,0,2,0,0,0,0,0,0,4,3,0,0,0,0,0,0,0,0,0,0,0,0,0,0,0,0,0,0,0,0,0,0,0,0,0,0,0,0,0,9,0,0,0,0,0,0,0,0,0,0,0,0,0,0,0,0,0,0,0,0,0,0,0,0,0,0,0,0,0,0,0,0,0,0,0,0,0,0,0,0,0,0,0,0,0,0,0,0,0,0,0,0,0,0,0,0,0,0,0,0,0,0,0,0,0,0,0,0,0,0,0,0,0,0,0,0,0,0,0,0,0,0,0,0,0,0,0,0,0,0,0,0,0,0,36,0,0,0,0,0,0,0,0,0,0,0,0,0,0,0,0,0,0,0,0,0,0,0,0,0,8,0,0,0,0,1,0,0,0,0,0,0,0
"D28",0,0,0,0,0,0,0,0,0,0,0,0,0,0,0,0,5,0,0,0,0,0,0,0,0,0,0,0,0,0,0,0,0,714,0,0,0,0,0,0,0,0,0,0,0,31,0,0,0,0,0,0,3,0,0,0,0,0,0,0,0,0,0,0,0,0,0,0,0,0,0,0,0,0,0,0,0,0,0,0,0,0,0,0,0,0,0,0,0,0,1399,2,0,0,0,0,0,0,0,0,0,0,0,0,0,0,0,0,0,0,0,0,0,0,0,0,0,0,2,0,0,0,283,0,0,0,0,0,0,0,2,0,0,0,0,0,0,0,0,0,0,0,0,0,0,0,0,0,0,0,0,0,0,0,0,0,0,0,0,0,0,0,0,0,0,0,0,0,0,0,0,0,0,0,0,0,0,0,0,0,0,0,0,0,0,0,0,0,0,0,0,0,0,0,0,0,0,0,0,0,0,0,0,0,0,0,0,0,0,0,0,0,0,0,0,0,0,0,4,0,0,0,0,0,0,0,0
"D29",0,0,0,0,0,0,0,0,0,0,0,0,0,0,0,0,0,0,0,0,0,0,0,0,0,0,0,0,0,0,0,0,0,0,0,0,0,0,0,0,0,0,0,0,0,0,0,0,0,0,0,0,0,0,0,0,0,0,0,0,0,0,0,0,0,0,0,0,0,0,0,0,0,0,0,0,0,0,0,0,0,0,0,0,0,0,0,0,0,0,0,0,0,0,0,0,0,0,0,0,0,0,0,0,0,0,0,0,0,0,0,0,0,0,0,0,0,0,0,0,0,0,3,0,0,0,0,0,0,0,0,0,0,0,0,0,0,0,0,0,0,0,0,0,0,0,0,0,0,0,0,0,0,0,0,0,0,0,0,0,0,0,0,0,0,0,0,0,0,0,0,0,0,0,0,0,0,0,0,0,0,0,0,0,0,0,0,0,0,0,0,0,0,0,0,0,0,0,0,0,0,0,0,0,0,2,0,0,0,0,0,0,0,0,0,0,0,0,0,0,0,0,0,0,0,0,0
"D30",0,0,0,0,0,0,0,0,0,0,0,0,0,0,0,0,0,0,0,4,0,0,0,0,0,0,0,0,0,0,0,0,0,0,0,0,0,0,0,0,0,0,0,0,0,0,236,0,0,0,0,0,31,0,0,0,0,0,0,0,0,0,0,0,0,0,0,0,0,0,2,0,0,0,0,0,0,0,0,2,0,0,0,0,0,0,0,0,0,0,0,1,0,0,0,0,0,0,0,0,0,0,0,71,0,0,5,0,0,0,0,0,0,0,0,0,0,0,0,0,0,0,0,0,0,0,0,0,0,0,0,0,0,0,0,0,0,0,0,0,0,0,0,0,0,0,0,14,0,0,0,0,0,0,0,0,0,0,9,0,0,0,0,0,0,0,0,0,0,0,0,0,0,0,0,0,0,0,0,0,0,0,0,0,0,0,0,0,0,0,0,0,0,0,0,0,0,0,0,0,0,0,0,0,0,0,0,0,0,0,0,8,0,0,0,0,0,0,46,0,0,0,0,0,0,0,0
"D31",0,0,0,0,0,0,0,0,0,0,0,0,0,0,0,0,20,0,0,0,0,0,0,0,0,0,0,0,0,0,0,0,0,0,0,0,0,0,0,0,0,0,0,0,0,0,0,0,0,0,0,0,0,0,0,0,0,0,0,0,0,0,0,0,0,0,0,0,0,0,0,0,0,0,0,0,0,0,0,0,0,0,0,0,0,0,0,0,0,0,5,0,0,0,0,0,0,0,0,0,0,0,0,0,0,0,0,0,2,0,0,0,0,0,0,0,588,0,0,0,0,0,0,0,9006,0,0,0,0,0,0,0,0,0,0,0,0,0,0,0,0,0,0,0,0,0,0,0,0,0,0,0,0,0,0,0,0,0,0,0,0,0,0,0,0,0,0,0,0,0,0,0,0,0,0,0,0,0,0,0,0,0,0,0,0,0,0,0,0,0,0,0,0,0,0,0,0,0,0,0,0,0,0,0,0,0,0,0,0,0,0,0,0,0,0,0,0,0,0,0,0,0,0,0,0,0,0
"D32",0,0,0,0,263,0,0,0,0,0,22,0,0,0,0,0,0,0,0,22,0,0,15,12,0,0,0,0,0,0,0,0,0,0,0,0,20,0,0,130,0,0,0,0,0,0,0,0,0,0,0,0,0,0,0,15,0,0,0,0,0,0,0,0,0,9,0,0,0,0,0,0,0,0,39,0,0,0,0,0,0,0,0,0,7,0,0,0,0,0,0,0,0,0,0,0,0,0,0,0,0,0,0,215,0,0,0,0,0,0,0,0,0,0,18,200,0,0,0,0,0,0,0,0,0,0,0,0,0,0,66,406,0,0,0,0,0,0,0,0,0,0,0,1,0,0,0,0,57,0,0,0,0,0,0,0,0,0,0,0,0,0,0,0,26,0,0,49,0,12,0,0,0,0,0,0,0,0,0,0,0,0,80,0,0,0,0,18,0,0,0,0,0,0,0,0,0,0,0,0,0,0,0,0,32,0,0,3,0,0,0,0,0,0,0,0,0,0,0,0,0,0,0,29,0,0,0
"D33",0,0,0,0,0,0,0,0,0,0,0,0,0,0,0,0,0,3,0,0,0,4,0,0,0,2,0,0,0,0,0,0,0,0,0,0,0,0,15,0,0,0,0,0,0,0,0,3,0,0,0,0,0,0,0,1,0,0,0,0,0,0,0,11,0,0,0,0,0,147,2,0,0,0,0,0,0,0,0,0,0,47,0,0,0,0,0,0,0,18,0,0,0,0,0,0,4,0,0,0,0,0,0,0,0,0,0,0,3,0,21,0,0,0,0,851,0,0,0,0,0,0,0,0,0,0,132,0,0,0,0,0,0,0,0,0,5,1,8,0,0,0,0,24,0,3,0,3,8608,0,3,0,0,40,0,0,0,0,0,0,10,0,18,1,0,0,0,2,0,0,7,0,0,0,0,0,0,0,0,0,0,0,0,2,0,0,0,0,12,0,0,24,0,0,0,11,0,0,0,0,0,0,0,0,0,0,0,0,0,0,0,0,0,13,0,0,0,0,4,0,6,0,0,0,0,0,0
"D34",0,0,0,0,0,0,0,0,0,0,0,10,0,0,0,0,0,0,0,0,0,0,0,0,0,0,0,0,0,0,0,0,0,0,0,0,0,0,0,0,0,0,0,0,0,0,0,0,0,0,0,0,11,0,0,0,0,0,0,0,0,0,0,0,0,0,0,0,0,0,0,0,0,0,0,0,0,0,0,1,0,0,0,0,0,0,0,0,0,0,0,0,0,0,0,0,0,0,0,0,0,0,0,0,0,0,0,0,0,0,0,0,0,0,0,5,0,0,0,0,0,0,0,0,0,0,0,0,0,0,0,0,0,0,0,0,0,0,0,0,0,0,0,2,0,0,0,0,0,0,0,0,0,0,0,0,0,0,3,0,0,0,0,0,0,0,0,0,0,0,0,0,0,0,0,0,0,0,0,0,0,0,0,0,0,0,0,0,0,0,0,0,0,0,0,0,0,0,0,0,0,0,0,0,0,0,0,0,0,0,0,0,0,0,0,0,0,0,6,0,0,0,0,0,0,0,0
"D35",0,0,0,0,0,0,0,0,0,0,0,3,0,0,0,0,0,13,2,3,0,0,0,0,0,0,0,0,0,0,0,0,0,0,0,0,0,0,4,0,0,0,0,0,0,0,3,5,0,0,0,0,25,0,2,0,0,2,0,0,0,0,0,5,0,0,0,0,0,175,0,0,0,0,0,0,0,0,0,0,0,19,0,0,0,0,0,0,0,47,0,0,0,0,0,0,7,0,0,0,0,0,0,0,0,0,0,0,6,0,8,0,0,0,0,927,0,0,0,0,0,0,0,0,0,0,176,0,0,0,0,0,0,0,0,0,0,0,0,0,0,0,0,17,3,0,2,0,10131,0,0,9,0,0,0,0,0,0,0,0,3,0,8,0,0,0,0,0,0,0,3,0,0,0,0,0,0,0,0,0,0,0,0,3,0,0,0,0,18,0,0,33,0,0,0,8,0,0,0,0,0,0,0,0,0,0,0,0,0,0,0,0,0,13,0,0,3,0,4,2,0,0,0,0,0,0,0
"D36",0,0,0,0,4,0,1,0,0,0,0,0,0,0,3,0,0,0,0,0,0,0,0,0,0,0,0,0,0,0,0,0,0,0,0,0,0,0,0,0,0,0,0,0,0,0,0,0,0,0,0,0,0,0,0,0,0,0,0,0,0,0,0,2,0,0,0,0,0,0,0,0,0,0,0,0,0,0,0,0,0,0,0,0,0,0,0,0,0,3179,10,7,0,0,0,0,0,0,0,0,0,0,0,0,0,0,0,0,0,0,0,0,0,0,3,0,0,0,0,0,0,0,47,0,0,0,0,0,0,0,286,0,0,0,0,0,0,0,0,0,0,0,0,6,0,0,0,0,0,0,0,0,0,0,0,0,0,0,0,0,3,0,0,0,0,0,0,167,0,0,0,0,0,0,0,0,0,0,0,2,0,0,0,0,0,0,0,0,0,0,0,0,4,0,0,0,0,0,0,0,0,0,0,0,0,0,0,0,0,0,0,0,0,0,0,0,0,0,0,0,0,0,0,0,0,0,0
"D37",0,0,0,0,0,0,0,0,0,0,0,0,0,0,0,0,0,0,0,0,0,2,0,0,0,0,0,0,0,0,0,0,0,0,0,0,0,0,0,0,0,0,0,0,0,0,0,0,0,0,0,0,13,0,4,0,0,0,0,0,0,0,0,0,0,0,0,0,0,0,0,0,0,0,0,0,0,0,0,0,0,0,0,0,0,0,0,0,0,0,656,0,0,0,0,0,0,0,0,0,0,0,0,0,0,0,0,0,0,0,0,0,0,0,0,0,9,0,0,0,0,0,3013,0,0,2,0,0,0,0,0,0,0,0,0,0,0,0,0,0,0,0,0,0,0,0,0,0,0,0,0,0,0,0,0,3,0,0,0,0,3,0,0,0,0,0,0,0,0,0,5,0,0,0,0,0,0,0,0,0,0,0,0,0,1,0,0,0,0,2,0,0,0,0,0,0,0,0,0,0,0,0,0,0,0,0,0,0,0,0,0,0,0,0,0,0,0,0,6,0,0,0,0,0,0,0,0
"D38",4,0,0,0,0,12,0,0,0,0,0,0,0,0,0,0,0,0,0,0,0,0,0,0,0,18,0,7,0,31,0,0,0,0,0,0,0,0,0,0,14,0,0,0,0,0,0,0,16,119,0,38,0,0,0,0,0,0,0,0,0,10,2,0,0,0,0,0,0,60,0,0,0,0,0,1,2,0,514,0,0,0,0,152,6,0,0,0,0,0,0,0,0,0,0,0,1,0,0,0,0,0,2,8,28,3,0,2,47,0,0,0,17,6,0,0,0,0,2,4,0,0,0,0,0,0,3,0,0,0,8,0,0,0,0,0,0,193,0,22,13,0,0,0,0,4,3,0,0,0,0,0,0,0,0,6,3,0,0,0,0,0,0,0,0,9,4,0,0,0,0,0,0,8,7,0,0,0,158,0,23,0,0,0,0,0,0,0,12,0,0,0,0,0,34,1,15,0,0,19,5,0,18,15,0,0,0,0,0,0,0,0,3,0,0,0,0,0,0,0,7,34,0,1,46,0,0
"D39",0,0,0,0,0,0,0,0,0,0,0,0,0,0,0,0,0,20,0,3,0,3,0,0,0,0,0,0,0,0,0,5,0,0,0,2,0,0,14,0,0,0,0,0,0,0,3,0,0,0,7,0,10,0,0,0,0,0,0,0,0,0,0,0,0,0,0,0,3,298,0,0,0,0,0,0,0,0,0,0,0,64,0,0,0,0,0,0,0,89,0,0,0,0,0,0,31,0,0,0,0,0,0,0,0,0,0,0,9,0,23,3,0,0,0,573,0,0,0,0,0,0,0,0,4,0,346,0,0,0,0,0,0,0,0,0,5,0,7,0,3,0,0,8,3,0,0,1,9632,0,0,2,0,0,2,0,0,0,2,0,0,0,8,2,0,0,0,0,0,0,0,0,0,0,0,0,0,0,0,0,0,0,0,0,0,0,0,0,10,0,0,14,0,0,0,14,0,4,0,0,0,0,0,0,0,0,0,0,0,0,0,1,0,13,3,0,0,0,13,0,0,0,0,0,0,0,0
"D40",0,0,0,0,0,0,0,0,0,0,0,0,0,0,2,0,4,0,0,0,0,0,0,0,3678,0,0,0,0,0,0,0,0,0,0,0,0,0,0,0,0,0,0,0,6,0,0,0,0,0,0,0,0,0,0,0,0,0,0,0,0,0,0,0,0,0,0,0,0,0,0,0,0,0,0,0,0,0,0,0,0,0,0,0,0,4,0,0,0,0,0,0,0,0,0,0,0,0,0,0,0,0,0,0,0,0,0,0,0,0,0,0,0,0,0,0,0,0,0,0,0,0,0,0,0,0,0,0,0,0,0,0,0,0,0,0,0,0,1131,0,1,0,0,0,0,0,0,0,0,10777,0,0,0,0,0,0,0,0,0,0,0,0,0,0,0,0,0,0,0,0,32,0,0,0,0,0,0,6,0,0,0,0,0,0,0,0,0,0,8,0,0,0,0,0,0,0,0,0,0,0,0,0,0,0,0,0,0,0,0,0,0,0,0,0,0,0,0,0,0,0,0,0,0,0,72,0,0
"D41",0,0,0,0,0,0,0,0,0,0,0,0,0,0,0,0,0,0,0,0,0,0,0,0,0,0,0,0,0,0,0,2,0,0,0,0,0,0,0,0,0,0,0,0,0,328,0,0,0,0,0,0,0,0,0,0,0,0,0,0,0,0,0,0,0,0,0,0,0,0,0,0,0,0,0,0,0,0,0,0,0,0,0,0,0,0,0,0,0,0,0,0,0,0,0,0,0,0,0,0,0,0,0,0,0,0,0,0,0,0,0,0,0,0,0,0,0,0,0,0,0,0,0,0,0,0,0,0,0,0,9415,0,0,0,0,0,0,0,0,35,0,0,0,0,0,0,0,0,0,0,0,0,0,0,0,0,0,0,0,7,0,0,0,0,0,0,0,0,0,0,0,0,0,0,0,0,0,0,0,40,0,0,0,0,0,0,0,21,24,0,0,0,0,0,0,0,0,0,0,0,0,0,0,0,0,0,0,0,0,0,0,0,0,0,0,0,0,0,0,30,0,0,0,0,0,0,0
"D42",0,0,0,0,0,0,0,0,0,0,0,0,0,0,0,0,0,0,0,0,0,0,0,0,0,0,0,0,0,0,0,0,0,0,0,0,0,0,0,0,0,0,0,0,0,0,0,0,0,0,0,0,0,0,0,0,0,0,0,0,0,0,0,0,0,0,0,0,0,0,0,0,0,0,0,0,0,0,0,0,0,0,0,0,0,0,0,0,0,0,0,0,0,0,0,0,0,0,0,0,0,0,0,0,0,0,0,0,0,0,0,0,0,0,0,0,0,0,0,0,0,0,0,0,0,0,0,0,0,0,0,0,0,0,0,0,0,0,0,0,0,0,0,3,0,0,0,0,0,0,0,0,0,0,0,0,0,0,0,0,0,0,0,0,0,0,0,0,0,0,0,0,0,0,0,0,0,0,0,0,0,0,0,0,0,0,0,0,0,0,0,0,0,0,0,0,0,0,0,0,0,0,0,0,0,0,0,0,0,0,0,0,0,0,0,0,0,0,0,0,0,0,0,0,0,0,0
"D43",0,0,0,0,0,181,0,310,0,0,0,0,0,0,0,0,0,0,0,0,1,0,0,0,2,0,0,0,0,0,0,0,120,1,0,0,4727,448,0,0,0,0,0,0,0,0,0,233,0,0,0,0,0,205,0,0,4,8,419,0,0,55,0,0,0,0,1277,0,0,5,0,0,0,0,0,0,46,0,0,0,172,0,0,0,0,13,30,119,1,0,0,0,0,0,18,0,0,17,0,0,0,0,0,26,0,125,0,0,0,4,0,0,0,0,0,0,0,0,415,0,0,2,0,239,0,287,687,0,0,0,2,3,0,1,0,0,7,0,23,0,4,0,379,0,36,112,8,0,0,235,245,9,0,0,0,0,0,0,0,0,0,496,183,2491,0,0,0,0,0,0,0,0,0,0,787,0,0,12,0,0,0,0,0,0,1,0,0,0,0,0,0,0,0,86,47,38,0,0,0,2776,0,47,0,1,0,0,0,0,65,42,0,0,0,23,2,0,0,0,0,0,0,0,2,0,28,0,2
"D44",0,0,0,0,59,0,0,0,0,0,0,0,0,0,0,0,0,0,0,0,0,0,0,0,0,0,0,0,0,0,0,0,0,0,0,0,0,0,0,0,0,0,0,0,0,0,0,0,0,0,0,0,0,0,0,0,0,0,0,0,0,0,0,31,0,0,0,0,0,0,0,38,0,0,0,0,0,0,0,2,0,0,0,0,0,0,0,0,0,0,0,0,0,0,0,0,0,0,0,0,0,0,0,0,0,0,0,0,0,0,0,0,0,0,0,0,0,0,0,0,0,0,0,0,0,0,0,0,0,0,0,0,0,0,0,0,0,0,0,0,0,0,0,0,0,0,0,0,0,0,0,0,469,0,0,0,0,0,0,0,0,0,0,0,0,0,0,0,0,0,0,0,0,0,0,0,0,0,0,0,0,0,0,0,0,0,0,0,0,0,0,0,0,0,0,0,0,0,0,0,0,0,0,0,0,0,0,0,0,0,0,546,0,0,0,0,0,0,0,0,0,0,0,0,0,0,0
"D45",0,0,0,45,0,335,0,0,0,11,0,0,0,0,0,0,19,0,0,0,0,0,0,0,0,0,0,0,0,0,0,0,3,0,0,0,0,0,0,0,0,0,0,0,0,0,0,0,0,0,0,0,0,0,0,0,0,0,0,2,0,0,0,0,0,0,0,0,0,0,0,0,0,895,0,0,18,0,0,0,0,0,0,152,0,0,0,0,0,0,0,0,68,0,0,0,0,0,0,0,0,0,0,2569,0,0,0,0,0,0,0,0,0,0,0,0,0,0,3,0,0,0,0,74,0,0,0,0,0,155,0,0,0,0,0,0,0,63,0,0,0,0,693,0,0,0,8,0,0,0,0,0,0,0,0,5,55,0,0,0,0,0,0,0,0,0,0,0,0,0,0,0,0,116,12,8,0,0,0,0,0,0,0,0,0,0,0,0,0,0,0,0,0,0,1,0,0,114,0,0,2,0,0,0,0,0,0,0,0,0,0,0,0,229,0,0,0,2,0,0,0,0,0,16,6,813,0
"D46",0,0,0,0,0,0,0,0,0,0,0,0,0,0,0,0,0,0,0,0,2,0,0,0,0,0,0,0,0,0,0,0,0,3,0,0,0,0,0,0,0,0,0,0,0,0,0,0,0,0,0,0,0,178,0,0,0,0,0,0,0,0,0,0,0,0,0,0,0,20,0,0,0,0,0,0,0,0,10,0,0,0,0,0,2,0,0,0,0,0,0,0,0,0,0,0,0,0,0,0,0,0,0,0,0,0,0,0,0,0,0,0,0,0,0,0,774,0,0,0,0,0,0,12,0,0,0,0,0,0,4,0,0,0,0,0,0,0,0,0,0,0,0,0,0,0,0,0,0,0,0,0,0,0,0,0,0,0,0,0,0,0,0,0,0,0,0,0,0,0,0,0,0,0,0,0,0,0,0,0,0,0,0,0,0,0,0,0,0,0,0,0,19,0,0,0,0,0,0,0,0,0,0,0,0,0,0,0,0,0,0,0,0,0,0,7,0,0,0,3,0,0,0,0,0,0,0
"D47",113,0,0,0,0,0,0,4,0,0,0,0,0,0,0,6,197,23,0,0,129,0,0,3,0,0,0,0,0,0,0,0,12,174,0,0,0,0,0,0,0,0,0,0,4,0,0,0,10,0,32,14,1,1,0,0,46,3,252,0,0,101,0,0,0,0,0,14,0,10,0,0,0,0,0,0,0,0,0,2,4,0,0,1,426,0,29,7,0,0,0,0,0,0,0,0,183,0,0,13,0,0,6,5,0,120,0,0,27,0,57,8,0,0,0,0,0,0,170,0,0,82,0,22,0,14,367,0,0,0,0,0,0,68,0,0,22,0,1,0,46,0,10,0,6,0,47,0,0,1,79,0,11,0,3,0,0,0,1,0,0,0,3,21,0,0,3,0,9,0,0,0,0,0,9,0,0,78,0,8,0,0,0,0,0,0,0,0,5,0,0,0,0,133,8,0,73,0,0,0,0,233,0,0,0,0,0,0,406,0,0,0,0,3,0,0,0,0,0,0,2,0,0,0,0,52,25
"D48",0,0,0,0,0,4,0,0,0,0,0,0,0,0,0,0,0,0,0,0,0,0,0,0,0,0,0,0,0,0,0,0,0,0,0,0,0,0,0,0,0,0,0,0,0,0,0,0,0,0,0,0,0,0,0,0,0,0,0,0,0,0,13,0,0,0,0,0,0,0,0,0,0,0,0,0,0,0,5,0,0,0,0,0,0,0,0,0,0,0,0,145,0,0,0,0,0,0,0,0,0,0,0,4,0,0,0,0,0,0,0,0,0,0,0,0,178,0,0,0,0,0,0,0,0,0,0,0,0,0,0,0,0,0,0,0,0,0,0,4,0,0,0,0,0,0,0,0,0,958,0,0,0,0,0,0,0,0,0,0,0,0,0,0,0,0,0,0,0,0,2,56,0,0,0,0,0,0,0,0,0,0,0,0,0,0,0,0,4,0,0,0,0,0,0,0,0,0,0,0,0,0,0,0,0,0,0,0,0,0,0,0,0,0,0,0,0,0,0,0,0,0,0,0,0,0,0
"D49",0,0,0,0,0,0,0,0,47,0,0,355,0,0,0,0,0,0,0,49,0,0,0,0,0,0,0,0,0,0,0,138,0,0,0,0,0,0,0,0,0,0,327,0,1492,11,0,0,0,0,0,0,256,0,29,0,0,0,0,0,3249,0,62,211,0,0,0,0,0,0,0,0,0,0,0,0,0,0,0,11,0,11390,0,19810,0,0,0,0,0,0,0,0,0,0,0,0,0,0,0,0,58,0,0,0,12,0,0,0,0,0,0,0,0,205,0,255,0,0,0,0,30,0,0,0,0,0,0,0,0,0,0,648,0,0,0,8,0,0,0,159,0,0,0,0,0,0,0,0,0,0,0,0,0,7180,0,0,0,0,0,0,0,0,0,0,0,0,0,117,0,0,0,39,0,0,0,0,0,0,0,2333,0,617,0,0,19,0,0,0,0,0,0,0,0,0,0,0,0,25,0,0,136,0,0,0,0,0,0,0,0,26,0,0,0,0,0,0,0,0,253,2241,0,178,0,0,0,0,0
"D50",0,0,0,0,0,0,0,0,0,0,0,0,0,0,0,0,0,0,0,0,0,0,0,0,0,0,0,0,0,0,0,0,0,0,0,0,0,0,0,0,0,0,0,0,0,0,8223,0,0,0,0,0,677,0,0,0,0,0,0,0,3,0,0,0,0,0,0,0,0,0,0,0,0,0,0,0,0,0,0,0,0,0,0,0,0,0,0,0,0,0,0,0,0,0,0,3,0,0,0,0,0,0,0,45153,0,0,2,0,0,0,0,0,0,0,0,0,0,0,0,0,0,0,0,0,0,0,0,0,0,0,0,0,0,0,0,0,0,0,0,0,0,0,0,0,0,0,0,0,0,0,0,0,0,0,0,0,0,0,0,0,0,0,0,0,0,0,0,0,0,0,0,0,0,0,0,0,0,0,0,0,0,0,0,0,6,0,0,0,0,0,0,0,0,0,0,0,0,0,0,0,0,0,0,0,0,0,0,0,0,0,0,2,0,0,0,0,0,0,11,5,0,0,0,0,0,0,0
"D51",0,0,0,0,3,0,0,0,0,0,12,0,0,0,0,0,0,0,0,2,0,0,13,0,0,0,0,0,0,0,0,2,0,0,0,0,0,0,0,0,0,0,0,0,0,0,0,0,0,0,0,0,3,0,0,0,0,0,0,0,0,0,0,0,0,0,0,0,0,0,0,10,0,0,2,0,0,0,0,0,0,0,0,0,0,0,0,0,0,0,0,0,0,0,0,0,0,0,0,0,7,0,0,0,0,0,0,0,0,0,0,0,0,0,0,0,0,0,0,0,0,0,0,0,0,0,0,0,0,0,0,0,0,0,0,0,0,0,0,0,0,0,0,0,0,0,0,0,0,0,0,0,0,0,0,0,0,0,0,0,0,0,0,0,110,0,0,0,0,0,0,0,0,0,0,0,0,0,0,0,0,0,0,0,0,0,0,0,0,0,0,0,0,0,0,0,0,0,0,0,0,0,0,0,0,2,0,0,0,0,222,0,0,0,0,0,0,0,3,0,0,0,0,0,0,0,0
"D52",0,0,0,0,0,0,0,0,0,0,0,0,0,0,0,0,0,0,0,0,0,0,0,0,0,0,0,0,0,0,0,0,0,0,0,0,0,0,0,0,0,0,0,0,0,0,0,0,0,0,0,0,0,0,0,0,0,0,0,0,0,0,0,0,0,0,0,0,0,0,0,0,0,0,0,0,0,0,0,2,0,0,0,0,0,0,0,0,0,0,0,0,0,0,0,0,0,0,0,0,0,0,0,0,0,0,0,0,0,0,0,0,0,0,0,0,0,0,0,0,0,0,0,0,0,0,0,0,0,0,0,0,0,0,0,0,0,0,0,0,0,0,0,0,0,0,0,0,0,0,0,0,0,0,0,0,0,0,0,0,0,0,0,0,5,0,0,0,0,0,0,0,0,0,0,0,0,0,0,0,0,0,0,0,2,0,0,0,0,0,0,0,0,0,0,0,0,0,0,0,0,0,0,0,0,3,0,0,0,0,2,0,0,0,0,0,0,0,2,0,0,0,0,0,0,0,0
"D53",0,0,0,0,0,0,0,0,0,0,0,0,0,0,0,0,0,0,0,0,0,0,0,0,0,0,0,0,0,0,0,0,0,0,0,0,0,0,0,0,0,0,0,0,0,0,0,0,0,0,0,0,0,0,0,0,0,0,0,0,0,0,0,6,0,0,0,0,0,0,0,0,0,0,0,0,0,0,0,0,0,0,0,0,0,0,0,0,0,0,0,0,0,0,0,0,0,0,0,0,0,0,0,0,0,0,0,0,0,0,0,0,0,0,0,0,0,3,0,0,0,0,0,0,0,0,0,0,0,0,0,0,0,0,0,0,0,0,0,0,0,0,0,0,0,0,0,0,0,0,0,0,0,0,0,0,0,0,0,0,0,0,0,0,3,0,0,0,0,0,0,0,0,0,0,0,0,0,0,0,0,0,0,0,0,0,0,0,0,0,0,0,0,0,0,0,0,0,0,0,0,0,0,0,0,0,0,0,0,0,0,0,0,0,0,0,0,0,0,0,0,0,0,0,0,0,0
"D54",0,0,0,0,0,0,0,0,0,0,0,0,0,0,0,0,0,0,0,70,0,0,0,0,0,0,0,0,0,2,0,40,0,0,0,0,0,0,2,0,5,0,0,0,0,0,0,0,0,2,0,0,549,0,0,0,0,4,0,4,0,0,0,1163,0,0,0,0,0,35,2,2,0,0,0,0,0,0,4,0,0,0,0,93,0,0,0,0,0,0,0,0,0,0,0,11,0,0,0,0,46,0,0,3,12292,0,24,0,0,0,0,0,0,0,0,0,0,8,0,0,0,0,0,0,0,0,0,0,0,0,0,0,0,0,0,6,0,57,0,0,2,0,0,45,0,0,0,2,0,0,0,0,7,0,0,0,2,0,0,0,2,0,0,0,6,1,0,0,0,0,0,0,0,0,0,0,0,0,0,0,0,0,0,0,36,0,0,0,0,5,0,0,0,0,0,0,0,0,0,0,2,0,0,0,0,0,4,2,0,0,40,0,0,0,0,0,0,0,228,0,0,0,0,0,0,0,0
"D55",0,0,0,0,0,0,0,0,0,0,0,0,0,0,0,0,0,0,0,0,0,0,0,0,0,0,0,0,0,0,0,0,0,0,0,0,0,0,0,0,0,0,0,0,0,0,0,0,0,0,0,0,0,0,0,0,57,0,0,0,0,0,0,2,0,0,0,0,0,0,0,0,0,0,0,0,0,0,0,0,0,0,0,0,0,0,0,0,0,0,0,0,0,0,0,0,0,0,0,0,0,0,0,0,0,0,0,0,0,0,0,0,0,0,0,0,0,0,0,0,0,0,0,0,0,0,0,0,0,0,0,2,0,0,0,0,0,0,0,0,0,0,0,0,0,0,0,0,0,0,0,0,0,0,0,0,0,0,0,0,0,0,0,0,0,0,0,0,0,0,0,0,0,0,0,0,0,0,0,0,0,0,0,0,0,0,0,0,0,0,0,0,0,0,0,0,0,0,0,0,0,0,0,0,0,0,0,0,0,0,0,0,0,0,0,0,0,0,0,0,0,9,0,0,0,0,0
"D56",0,0,0,0,0,0,0,0,0,0,0,0,0,0,0,0,0,0,0,0,0,0,0,0,0,0,0,0,0,0,0,0,0,0,0,0,0,0,0,0,0,0,0,0,0,0,0,0,0,0,0,0,0,0,0,0,0,0,0,0,0,0,0,0,0,0,0,0,0,0,0,0,0,0,0,0,0,0,0,0,0,0,0,0,0,0,0,0,0,0,0,0,0,0,0,0,0,0,0,0,0,0,0,0,0,0,0,0,0,0,0,0,0,0,0,0,120,0,0,0,0,0,0,0,17222,0,0,0,0,0,0,0,0,0,0,0,0,0,0,0,0,0,0,0,0,0,0,0,0,0,0,0,0,0,0,0,0,0,0,0,0,0,0,0,0,0,0,0,0,0,0,0,0,0,0,0,0,0,0,0,0,0,0,0,0,0,0,0,0,0,0,0,0,0,0,0,0,0,0,0,0,0,0,0,0,0,0,11,0,0,0,0,0,0,0,0,0,0,0,0,0,0,0,0,0,0,0
"D57",0,0,80,0,0,0,0,0,167,0,0,0,0,4,0,0,0,0,0,0,18,0,0,0,0,1,22,26,0,0,0,0,0,0,0,0,0,0,0,0,0,283,0,83,0,0,0,0,0,0,0,0,0,0,0,0,440,0,0,0,0,0,0,24,0,0,0,0,0,0,0,0,0,0,0,0,0,0,0,0,0,0,0,0,0,0,0,0,0,0,0,0,0,169,1,0,0,7,0,0,0,0,0,0,0,0,0,0,0,0,0,0,0,0,0,0,0,0,361,252,0,0,0,0,0,0,0,1496,0,1832,4,0,0,0,627,0,0,2,0,1600,0,0,0,0,0,142,0,0,0,0,0,0,0,0,0,0,0,42,0,82,0,0,0,0,0,0,0,0,0,0,0,0,0,0,0,17,2183,48,0,0,0,0,0,0,0,610,0,0,0,0,0,0,0,0,84,0,119,0,0,0,0,131,0,0,0,0,0,0,0,0,0,0,0,0,0,0,0,322,2,0,0,102,33,0,0,0,0
"D58",0,0,0,0,0,0,0,0,0,0,0,2,0,0,0,0,0,0,0,0,0,0,0,0,3,0,0,9,0,0,0,0,0,0,0,0,0,0,0,0,0,0,0,0,128,0,0,0,0,0,4,0,0,0,0,0,0,0,0,2,0,0,0,0,0,0,0,0,0,0,0,0,0,0,0,0,0,0,0,0,0,0,0,0,0,0,0,0,4,5,0,0,0,0,0,0,0,0,0,0,0,0,0,0,0,0,0,0,0,0,0,0,0,0,0,0,0,0,0,0,1,0,0,0,0,0,204,0,0,0,2,0,0,0,0,0,0,0,0,0,0,0,0,0,6,0,0,0,0,0,0,0,0,0,0,0,0,0,0,0,0,0,0,0,0,0,0,4,0,0,0,0,0,0,12,0,0,0,15,155,0,2,0,0,0,0,0,20,262,0,2,0,0,0,0,0,0,0,0,0,0,0,14,0,0,0,0,0,0,0,0,0,0,0,0,0,0,0,0,0,0,0,0,0,0,0,0
"D59",0,0,0,0,0,0,0,0,3,0,0,0,0,0,0,0,0,0,0,13,0,0,0,0,0,0,0,0,0,0,0,0,0,0,0,0,0,0,0,0,0,0,0,0,0,0,0,0,0,0,0,0,15,0,0,0,0,0,0,0,0,0,0,0,0,0,0,0,0,0,0,0,0,0,0,0,0,0,0,0,0,0,0,0,0,0,0,0,0,0,0,0,0,0,0,18,0,0,0,0,4,0,0,0,0,0,0,0,0,0,0,0,0,0,0,0,0,0,0,0,0,0,0,0,0,0,0,0,0,0,0,4,0,0,0,0,0,0,0,0,0,0,0,0,0,0,0,0,0,0,0,0,0,0,0,0,0,0,0,0,0,0,0,0,0,0,0,0,0,0,0,0,0,0,0,0,0,0,0,0,0,0,0,0,3,0,0,0,0,0,0,0,0,0,0,0,0,0,0,0,0,0,0,0,0,0,0,0,0,0,0,0,0,0,0,0,0,0,0,0,0,0,0,0,0,0,0
"D60",0,0,0,0,0,0,0,0,0,0,6,0,0,0,0,0,3,0,0,0,0,0,0,0,0,0,0,0,0,0,0,0,0,5,0,0,0,0,0,0,0,0,0,0,0,0,0,0,0,0,0,0,0,0,0,0,0,0,0,0,0,0,0,0,0,0,0,0,0,0,2,0,0,0,2,0,0,0,0,0,0,0,0,0,0,0,0,0,0,0,2,2,0,0,0,0,0,0,0,2,0,0,0,0,0,0,0,0,0,0,0,0,9,0,5,0,21,0,0,0,0,0,0,0,39,0,0,0,0,0,0,0,0,0,0,0,0,0,0,4,0,0,4,0,0,0,0,0,0,8,0,0,0,0,0,0,0,0,4,0,0,0,0,0,7,0,0,0,0,0,0,0,0,0,0,0,0,0,0,3,10,0,0,0,5,0,0,0,5,0,0,0,0,0,0,0,0,0,0,0,0,0,0,0,0,0,0,0,0,0,0,0,0,0,0,0,3,0,0,0,0,0,0,0,0,0,0
"D61",0,0,0,0,0,0,0,0,0,0,0,0,0,0,0,0,0,0,0,0,0,0,0,0,0,0,0,0,6,0,0,0,0,0,0,102,0,0,3,0,2,3,0,0,0,0,0,0,0,0,0,0,0,0,3,0,1,0,0,0,0,0,3,0,0,0,1,0,0,0,0,0,0,0,0,0,0,0,0,0,0,0,1,0,0,0,0,0,4,2,0,0,0,7,0,0,0,0,0,114,0,0,3,0,0,14,0,0,0,0,3,0,0,0,0,0,0,0,9,0,0,0,0,0,0,0,1,0,0,0,9,3,0,0,0,0,0,0,0,17,0,0,0,0,0,0,0,0,0,0,0,0,0,0,0,0,0,17,0,0,0,1,0,0,0,0,0,3,0,0,0,0,0,0,0,0,0,10,0,0,0,0,1,0,0,3,0,0,0,0,15,5,0,0,3,0,0,0,0,0,0,0,0,0,0,0,0,0,0,0,0,0,0,0,0,0,0,0,0,0,0,0,0,0,0,0,0
"D62",0,0,0,0,0,1,0,0,0,0,0,13,0,0,0,0,0,355,0,0,0,0,0,0,0,0,0,0,0,0,0,0,0,0,0,0,0,0,0,0,87,0,6,0,396,0,0,0,0,0,26,0,0,0,0,1126,0,6,1,4,882,41,135,0,0,0,3,0,0,119,0,0,0,2,0,0,13,0,0,0,0,9,0,0,0,0,6,0,0,0,0,0,0,0,0,2,0,2,0,9,0,0,0,4,0,31,0,0,19,0,0,0,0,0,0,0,0,0,0,0,0,0,2,143,0,0,34,0,0,0,1,0,0,0,0,0,0,5,0,0,804,0,0,0,1,0,8,0,1068,22,3,0,0,0,2,0,12,0,0,0,0,0,0,0,3,0,0,0,0,0,0,0,2,0,57,0,0,0,11,989,0,496,0,0,0,0,0,0,0,0,3,0,1,0,0,0,0,5,0,0,0,0,0,0,0,0,0,3,0,0,0,0,0,9,0,0,2,0,0,491,0,0,0,0,33,250,0
"D63",0,0,0,0,0,0,0,0,0,0,0,0,0,0,0,0,0,0,0,0,0,0,0,0,0,0,0,0,0,0,0,3,0,0,0,0,0,0,3,157,0,0,0,0,0,0,0,0,0,0,0,0,7,0,0,0,0,0,0,0,0,0,0,23,0,0,0,0,7,0,0,0,0,0,0,0,0,0,0,0,0,0,0,0,0,0,0,0,0,17,68,33,0,0,0,0,0,0,0,0,0,0,0,0,0,0,0,0,0,0,0,0,0,0,0,29,0,0,0,0,0,0,936,0,0,0,0,0,0,0,45,0,0,0,0,0,0,0,0,0,0,0,0,0,0,0,0,0,0,0,0,0,0,0,0,0,0,0,0,0,0,0,0,0,0,0,0,0,0,0,0,0,0,0,0,0,0,0,0,1,0,0,0,5,0,0,0,0,0,0,0,0,0,0,0,0,0,0,0,0,0,0,0,0,0,0,0,0,0,0,0,0,0,0,0,0,0,0,0,0,0,0,0,0,0,0,0
"D64",0,0,0,0,0,0,0,0,0,0,0,0,0,0,0,0,0,0,0,0,0,0,0,2,0,0,0,0,0,0,0,0,0,0,0,0,0,0,0,0,0,0,0,0,0,0,0,0,0,0,0,0,2,0,0,0,0,0,0,0,0,0,0,349,0,0,0,0,0,0,0,0,0,11,0,0,0,0,0,0,0,0,0,0,0,0,0,0,0,0,0,0,0,0,0,0,0,0,0,0,0,0,0,0,0,0,0,0,0,0,0,0,0,0,0,77,0,0,0,0,0,0,1,0,0,0,0,0,0,0,26,0,0,0,0,0,0,0,0,0,0,0,0,0,0,0,0,0,0,0,0,0,0,58,0,0,0,0,0,0,0,0,0,0,2,0,0,0,0,0,0,29,0,0,0,0,0,0,0,0,0,2,0,0,0,0,0,0,0,0,0,0,89,0,0,0,0,0,0,0,0,0,0,0,0,0,4,0,0,0,0,0,0,0,0,492,0,0,0,0,0,0,0,0,0,0,0
"D65",0,0,0,0,319,0,0,0,0,0,0,2,0,0,0,0,0,15,0,0,0,0,0,0,0,0,0,0,0,0,0,0,0,0,0,0,0,0,0,5,0,0,0,0,0,0,0,0,0,0,0,11,0,0,0,0,0,0,11,0,0,0,0,0,0,0,0,0,0,5,0,0,0,2,40,0,0,0,0,10,0,0,0,0,0,0,0,0,0,0,0,0,0,0,0,0,0,0,9,0,73,0,0,15,0,0,0,0,0,0,0,0,0,0,0,48,0,0,0,0,0,0,0,0,0,0,0,0,0,0,167,278,0,0,0,0,0,0,0,0,0,0,0,0,0,0,0,0,0,0,0,0,0,0,0,0,0,0,0,0,0,0,0,0,0,0,0,0,0,0,0,0,0,0,0,0,0,0,0,0,0,0,0,0,15,0,0,0,0,0,0,0,0,0,0,0,0,0,0,0,0,0,0,0,0,11,0,0,0,0,0,0,0,0,0,0,0,0,0,0,0,0,0,0,0,0,0
"D66",0,0,0,0,18,0,0,0,0,0,0,0,0,0,0,0,0,0,0,0,0,0,0,0,0,0,0,0,0,0,0,0,0,0,18,0,0,0,0,0,0,0,0,0,0,0,0,0,0,0,0,0,0,0,0,0,0,0,0,0,0,0,0,20,0,0,0,0,0,0,0,0,0,0,0,0,0,0,0,0,0,0,0,0,0,0,0,0,0,0,0,0,0,0,0,0,0,0,0,0,0,0,0,0,0,0,0,0,0,0,0,0,0,0,0,32,0,0,0,0,0,0,0,0,0,0,0,0,0,0,0,0,0,0,0,0,0,0,0,0,0,0,0,0,0,0,0,0,0,0,0,0,8333,0,0,0,0,0,0,0,0,0,0,0,2,0,0,0,0,0,0,0,0,0,0,0,0,0,0,0,0,0,0,0,0,0,0,0,0,0,0,0,0,0,0,0,0,0,0,0,0,0,0,0,0,0,0,0,0,0,0,0,0,0,0,0,0,0,0,0,0,0,0,0,0,0,0
"D67",0,0,0,0,0,0,0,0,0,0,2,0,0,0,0,0,9,0,0,0,0,0,3,0,0,0,0,0,0,0,0,2,0,0,0,0,0,0,0,0,0,0,0,0,0,0,37,0,0,0,0,0,0,0,0,0,0,0,0,0,0,0,0,0,0,0,0,0,0,0,2,0,0,0,0,0,0,1497,0,0,0,0,0,0,0,0,0,0,0,0,0,793,0,0,0,26,0,0,0,0,0,0,0,0,1,0,0,0,0,0,0,0,0,0,0,0,0,2,0,0,0,0,0,0,3994,0,0,0,0,0,0,0,0,0,0,0,0,0,0,0,0,0,0,0,0,0,0,0,0,0,0,0,0,0,0,0,0,0,19,0,0,0,0,3321,5,0,0,0,0,0,0,0,0,0,0,0,0,0,0,0,0,0,0,0,80,0,0,0,5,0,0,0,0,0,0,0,0,0,0,0,0,0,0,0,0,0,0,0,0,0,0,0,0,0,0,0,0,0,7,37,0,0,0,0,0,0,0
"D68",0,0,0,0,23,0,0,0,0,0,0,0,0,0,0,0,0,0,0,0,0,0,0,0,0,0,0,0,0,0,0,0,0,0,0,0,0,0,0,144,0,0,0,0,0,0,0,0,0,0,0,0,0,0,0,17,0,0,0,0,4,0,0,0,0,0,0,0,0,0,0,145,0,0,0,0,0,0,0,0,0,0,0,0,0,0,0,0,0,0,0,0,0,0,0,0,0,0,0,0,0,0,0,0,0,0,0,0,0,0,0,0,0,0,0,2,0,0,0,0,0,0,0,0,0,0,0,0,0,0,15,0,0,0,0,0,0,0,0,0,0,0,0,0,0,0,0,0,0,0,0,0,0,0,0,0,0,0,0,0,0,0,0,0,0,0,0,671,0,0,0,0,0,0,0,0,0,0,0,0,0,0,22,0,0,0,0,0,0,2,0,0,0,0,0,0,0,0,0,0,0,0,0,0,0,0,0,0,0,0,0,0,0,0,0,0,0,0,0,0,0,0,0,0,0,0,0
"D69",0,0,0,0,0,9,0,0,0,0,0,5,0,0,0,0,0,3,0,38,0,1,5,0,0,0,0,0,2,0,0,1462,0,2,2,0,0,0,61,0,7,0,0,0,0,0,3,0,0,0,0,0,284,0,5,18,0,5,0,2,0,0,2,841,0,0,0,0,0,14,30,4,0,0,1,0,0,0,7,0,0,0,0,4,0,0,0,0,0,0,0,0,2,0,0,70,0,0,0,0,81,0,0,8,691,0,226,0,0,0,0,0,0,0,0,20,0,54,0,0,2,0,0,0,0,0,0,0,0,0,0,0,469,0,0,12,0,0,0,0,0,0,0,1,0,0,0,4,0,0,0,0,44,0,0,0,3,0,16,0,2,0,0,0,13,0,0,5,0,0,1,3,0,3,0,0,0,0,0,16,0,0,2,0,209,0,2,48,0,66,0,0,2,2,0,0,0,13,0,0,0,0,0,2,40,0,15,0,0,0,196,4,0,0,0,13,29,0,1088,7,0,0,0,0,2,0,0
"D70",137,7,95,2,0,0,11,1,159,0,0,0,89,2,2,15,0,0,3,0,0,0,0,15,4,2,2,7,0,0,20,0,55,0,0,32,0,10,0,0,13,0,0,11,0,0,0,0,15,17,0,2,3,5,0,0,17,0,121,0,14,63,0,209,8,17,37,25,16,3,0,0,14,27,0,491,2,5,0,0,36,64,58,0,21,3,2,31,0,0,0,0,66,164,17,0,0,0,4,0,0,9,49,30,327,64,0,3,0,0,65,100,0,115,0,0,0,0,238,107,23,20,0,1,0,29,0,90,5,0,20,0,0,1,41,0,13,22,4,957,0,22,12,0,0,747,0,0,0,0,37,12,0,0,35,2,83,4,0,10,0,9,194,262,0,150,17,0,15,25,0,0,177,106,6,139,2,2,0,46,31,0,0,9,0,8,0,1,0,0,0,0,0,12,100,2,8,2,122,81,13,0,0,4,0,0,0,3,7,7,2,0,8,1,14,67,0,62,0,95,23,71,2,0,0,5,30
"D71",0,0,0,0,0,0,1,0,0,0,0,0,0,0,0,0,0,0,0,0,0,1,0,0,0,0,0,0,0,0,0,0,0,14,0,0,0,0,11,989,4,0,0,0,3,0,0,0,0,0,0,0,0,0,0,0,0,0,0,0,0,0,0,4,0,0,0,0,0,0,0,0,0,0,0,0,0,0,0,0,0,0,0,0,0,0,0,0,0,0,52,10,0,0,0,0,0,0,0,0,0,0,0,0,0,0,0,0,0,0,0,0,0,0,0,1,0,0,0,0,0,0,248,0,0,0,0,0,0,0,0,0,0,0,0,0,0,0,0,0,0,0,0,0,0,0,0,0,0,0,0,0,0,0,0,0,0,0,0,0,5,0,0,0,0,0,0,31,0,0,0,0,0,0,0,0,0,0,0,0,0,0,0,2,0,0,0,0,0,0,0,0,4,0,0,0,0,0,0,0,0,0,0,0,0,0,0,0,0,0,0,0,0,0,0,0,0,0,0,0,0,0,0,0,0,0,0
"D72",175,13,8,1,0,0,3,6,40,1,0,0,9,12,3,6,0,75,1,0,0,2,2,49,0,2,6,8,20,8,28,0,67,44,0,98,10,2,0,0,14,12,0,31,0,4,9,1,13,0,68,2,0,29,0,0,9,0,16,1,1,37,0,14,2,100,102,19,12,2,0,0,1,0,0,10,0,58,0,0,123,12,10,2,8,4,3,19,13,2,0,0,2,48,18,0,5,4,5,157,0,3,5,93,3,83,0,7,8,4,161,8,0,20,7,2,0,0,163,27,0,53,0,20,2,3,20,25,4,3,53,0,1,4,31,0,15,3,1,216,0,22,1,775,2,38,0,23,11,0,4,53,0,61,7,2,33,37,0,35,9,8,69,42,0,15,4,0,32,30,0,0,27,0,3,41,6,0,1,0,10,6,0,120,0,81,18,0,0,0,0,50,9,13,53,17,3,9,95,1,0,61,2,0,0,0,0,0,104,10,0,0,8,0,2,0,0,6,0,0,0,24,11,0,0,8,11
"D73",0,2,0,0,0,0,0,0,0,0,0,0,0,0,0,0,0,0,0,0,0,0,0,0,0,0,0,0,0,0,0,0,0,0,0,0,0,0,3,0,0,0,0,0,0,0,0,0,0,0,0,0,0,0,0,32,0,0,0,0,0,0,0,0,0,0,0,0,0,0,0,0,0,0,0,0,0,0,0,0,0,0,0,0,0,0,0,0,0,0,0,0,0,0,0,0,0,0,0,0,0,0,0,0,0,0,0,0,0,0,0,0,0,0,0,0,0,0,0,0,0,0,0,0,1,0,0,0,0,0,0,0,0,0,0,0,0,0,0,2,0,0,0,0,0,0,0,0,0,0,0,0,0,0,0,0,0,0,0,0,0,0,0,0,0,0,0,0,0,0,0,0,0,0,0,0,0,0,0,0,0,0,0,0,0,0,0,0,0,0,0,0,0,0,0,0,0,0,0,0,0,0,0,0,0,0,0,0,0,0,0,0,0,0,0,0,0,0,0,0,0,0,0,0,0,0,0
"D74",0,0,0,0,0,0,0,0,0,0,0,0,0,0,2,0,10,0,0,0,0,0,0,0,1,0,0,0,552,0,0,0,0,0,0,0,0,0,316,0,0,0,0,0,0,9266,0,0,0,0,0,77,0,0,0,0,0,0,0,0,0,0,0,0,0,0,0,2,0,0,0,0,0,0,0,0,0,0,0,0,0,133,0,0,0,0,0,0,0,0,0,2881,0,0,0,0,0,0,0,0,0,0,0,0,0,3,0,0,0,0,0,0,0,0,0,0,0,0,0,0,0,0,0,11,0,0,0,0,0,0,3,0,0,0,0,0,0,0,0,0,0,0,0,2,0,0,0,0,250,0,0,0,0,0,0,0,0,0,0,0,0,0,0,0,0,0,0,0,0,0,0,0,0,0,0,0,0,0,434,0,0,0,0,0,0,0,0,0,0,0,3,0,0,16,0,0,0,0,0,0,0,0,0,0,0,0,0,0,0,0,0,0,0,0,0,0,0,0,0,0,0,0,0,0,0,0,0
"D75",0,0,0,0,3,0,0,0,0,0,0,0,0,0,0,0,0,0,0,0,0,0,0,0,0,0,0,0,0,0,0,2,0,0,0,0,0,0,69,0,0,0,0,0,0,1,0,0,0,4,0,0,31316,0,27,54,0,0,0,0,0,0,0,15,0,0,0,0,0,0,4,4,0,0,0,0,0,0,0,0,0,0,0,0,0,0,0,0,0,0,0,0,0,0,0,2,0,0,0,0,1237,0,0,0,8,0,1344,0,0,0,0,0,0,0,0,6,0,0,0,0,0,0,0,0,0,0,0,0,0,0,0,0,9,0,0,0,0,0,0,0,0,0,0,5,0,0,0,0,15,0,0,0,0,0,0,0,0,0,0,0,0,0,0,0,0,0,0,0,0,0,0,2,0,0,0,0,0,0,0,0,0,2,2,0,124,0,0,3,0,0,0,0,0,0,0,0,0,0,0,0,0,0,0,0,0,0,0,0,0,0,685,0,0,0,0,1,0,0,406,0,0,0,0,0,0,0,0
"D76",0,0,0,0,4398,0,0,0,0,0,0,0,0,0,0,0,0,0,0,0,0,0,0,0,0,0,0,0,0,0,0,0,0,0,0,0,0,0,0,3024,0,0,0,0,0,0,0,0,0,0,0,0,0,0,0,0,0,2,0,0,0,0,0,0,0,0,0,0,0,0,0,0,0,0,0,0,0,0,0,0,0,2,0,0,0,0,0,0,0,0,0,0,0,0,0,0,0,0,0,0,0,0,0,2,0,0,0,0,0,0,0,0,0,0,0,0,0,0,0,0,0,0,0,0,0,0,0,0,0,0,0,2,0,0,0,0,0,0,0,0,0,0,0,0,0,0,0,0,0,0,0,0,0,0,0,0,0,0,0,0,0,0,0,0,0,0,0,154,0,0,0,0,0,0,0,0,0,0,0,0,0,0,108,0,0,0,0,0,0,0,0,0,0,0,0,0,0,0,0,0,0,0,0,0,340,0,0,0,0,0,0,0,0,0,0,0,0,0,0,0,0,0,0,0,0,0,0
"D77",0,0,0,0,0,0,0,0,0,0,0,0,0,0,0,0,0,0,0,0,0,0,0,0,0,0,0,0,0,0,0,0,0,0,0,53,0,0,0,0,0,2,0,0,0,0,0,0,0,0,0,0,0,0,0,0,0,0,0,0,0,0,0,0,0,0,0,0,0,0,0,2,0,0,0,0,0,0,0,1,0,0,0,0,0,0,0,0,4,0,0,0,0,4,0,0,0,0,14,0,0,0,0,0,0,0,0,0,0,0,13,0,0,0,0,0,0,0,10,0,0,4,0,0,0,0,5,2,0,0,2,3,0,0,0,0,0,0,0,0,0,0,0,0,0,0,0,0,0,0,0,0,0,0,3,3,0,0,0,0,0,0,4,0,0,0,0,8,0,0,0,0,0,0,0,0,0,29,0,0,0,0,0,0,0,0,0,0,0,0,0,1,0,0,0,0,0,0,0,0,0,0,0,4,0,0,0,0,0,0,0,0,0,0,0,0,0,0,0,0,0,0,0,0,0,0,0
"D78",0,0,0,0,0,0,0,0,0,0,0,0,0,0,0,0,0,0,0,0,0,0,0,0,0,0,0,0,0,0,0,0,0,0,0,0,0,0,0,0,0,0,0,0,0,0,0,0,0,0,0,0,0,0,0,0,0,0,0,0,0,0,0,0,0,0,0,0,0,0,0,0,0,0,0,0,0,0,0,0,0,0,0,0,0,0,0,0,0,0,0,3752,0,0,0,0,0,0,0,0,0,0,0,0,0,0,0,0,0,0,0,0,0,0,0,0,0,0,0,0,0,0,0,0,0,0,0,0,0,0,0,0,0,0,0,0,0,39,0,31,0,0,0,0,0,0,0,0,0,546,0,0,0,0,0,0,0,0,0,0,0,0,0,0,0,0,0,0,0,0,0,0,0,0,0,0,0,0,0,0,0,0,0,0,0,0,0,0,0,0,0,0,0,0,0,0,0,0,0,0,0,0,0,0,0,0,0,0,0,0,0,0,0,0,0,0,0,0,0,0,0,0,0,0,0,0,0
"D79",6,0,0,5,0,328,5,0,0,0,0,0,13,0,36,10,0,0,0,0,0,0,0,0,0,0,0,11,0,36,0,0,2,0,0,0,0,0,0,0,0,0,147,0,0,0,0,0,0,0,0,0,6,0,0,0,0,0,0,0,0,0,0,0,10,27,0,20,0,0,0,0,0,0,0,19,0,0,0,0,0,0,0,0,8,0,0,0,0,0,0,0,0,0,11,0,20,0,0,0,0,0,0,0,76,0,0,1,0,0,0,0,28,0,0,0,0,0,30,0,0,23,0,0,0,7,0,0,7,0,20,0,0,0,0,0,1,0,0,50,0,5,0,0,0,51,406,666,0,0,0,8,0,0,0,2,0,0,0,0,3,33,0,0,0,5,0,0,0,0,0,0,1,53,3524,0,0,4,0,0,0,0,0,0,0,0,3,0,0,0,0,0,12,0,44,0,0,0,1,14,0,0,615,0,0,0,0,0,0,0,0,0,0,438,0,0,0,0,10,0,0,0,0,0,5325,0,2
"D80",1,11,0,0,0,0,2,86,0,0,0,0,0,0,0,23,0,21,0,0,5,0,0,0,6,10,0,0,0,0,1,0,7,225,0,29,0,15,0,0,0,26,0,0,0,0,0,195,0,0,26,0,0,39,0,0,15,0,14,0,2,32,0,0,0,0,62,0,0,0,0,0,0,0,0,0,15,0,0,0,0,0,0,0,0,0,4,36,11,0,0,0,0,27,0,0,1,2,0,201,0,2,1,0,0,48,0,0,5,5,0,6,0,13,0,0,0,0,56,0,0,0,0,19,787,10,28,4,0,0,0,0,0,13,0,0,0,0,16,1,0,0,0,0,0,0,3,0,0,81,0,2,0,0,3,0,0,0,0,74,0,0,5,13,0,3,0,0,41,11,0,0,0,0,16,0,0,4,0,0,3,0,0,0,0,0,0,0,0,0,26,0,0,64,20,0,0,0,0,78,0,83,5,0,0,0,0,0,373,0,0,0,2,4,0,0,0,0,0,0,36,0,4,0,4,0,4
"D81",0,70,313,17,0,1,0,12,147,0,0,0,121,5,24,2,0,0,136,0,31,0,0,0,0,0,0,10,0,99,0,0,0,0,0,0,0,43,0,0,0,290,0,375,0,76,0,0,9,0,14,0,0,0,0,0,8,29,0,0,0,0,0,27,119,0,0,8,0,1,0,0,186,0,1,13,3,0,0,0,0,0,133,0,0,1,0,8,0,0,0,0,247,0,7,0,0,75,0,6,0,10,0,0,0,2,0,0,5,0,2,4,0,74,0,0,0,0,184,253,0,0,0,0,0,147,0,440,0,204,0,2,0,0,113,0,27,93,0,2269,3,27,127,0,0,225,0,0,0,0,0,79,0,0,29,0,69,0,0,135,0,54,48,169,0,79,0,0,1,0,0,0,0,0,3,803,54,11,10,0,264,0,0,0,0,55,9,0,0,1,0,0,0,185,327,0,25,0,31,57,0,0,2,204,0,0,0,0,0,97,0,0,28,6,0,0,0,18,0,0,0,19,37,0,0,0,19
"D82",0,0,0,0,0,0,0,0,0,0,0,0,0,0,0,0,0,0,0,0,0,0,0,0,0,0,0,0,0,0,0,0,0,1,0,0,0,0,0,2,0,0,1716,0,0,0,0,0,0,4160,0,0,7,0,0,0,0,0,0,0,0,18,0,0,0,0,0,0,0,0,0,0,0,0,0,0,0,0,80,0,0,0,0,0,0,0,14,0,0,0,0,3156,0,0,0,0,0,0,0,0,0,0,0,3,0,0,0,25,0,6,0,0,0,21,0,0,0,0,0,0,0,0,0,0,8,0,0,0,0,0,0,0,0,0,0,0,0,0,0,110,0,0,0,0,0,0,0,668,0,76,0,0,0,0,0,65,0,0,0,13,0,0,0,0,0,17,0,7,0,0,0,0,0,0,0,0,0,0,29,0,23,0,0,0,0,0,0,0,0,0,0,0,0,0,0,0,0,0,0,0,0,0,0,0,0,0,0,0,0,0,0,0,0,0,47,0,0,0,2,0,9,0,0,0,0,0,0
"D83",0,0,0,0,23,0,0,0,0,0,0,0,0,0,0,0,0,0,0,0,0,4868,0,0,0,0,0,0,0,0,0,0,0,0,0,0,0,0,0,0,0,0,0,0,0,0,0,0,0,0,0,0,0,0,0,0,0,0,0,0,0,0,0,0,0,0,0,0,0,0,0,0,0,0,0,0,0,0,0,134,0,0,0,0,0,0,0,0,0,0,0,0,0,0,0,0,0,0,0,0,0,0,0,0,6410,0,0,0,0,0,0,0,0,0,0,0,0,0,0,0,0,0,0,0,0,0,0,0,0,0,3458,0,0,0,0,0,0,0,0,0,0,0,0,0,0,0,0,0,0,0,0,0,0,0,0,0,0,0,0,0,0,0,0,0,0,0,0,0,0,0,0,0,0,0,0,0,0,0,0,0,0,0,0,0,0,0,0,0,0,0,0,0,0,0,0,0,0,0,0,0,0,0,0,0,0,0,0,0,0,0,0,0,0,0,0,658,0,0,0,0,0,0,0,0,0,0,0
"D84",0,0,0,0,63,0,0,0,0,0,20,0,0,0,0,0,0,0,0,0,0,0,1035,0,0,0,0,0,0,0,0,28,0,0,1032,0,0,0,0,0,0,0,0,0,0,0,0,0,0,0,0,0,0,0,0,0,0,0,0,0,0,0,0,0,0,0,0,0,0,0,2,607,0,0,280,0,0,0,0,1,0,0,0,0,0,0,0,0,0,0,0,0,0,0,0,0,0,0,0,0,65,0,0,0,0,0,120,0,0,0,0,0,0,0,0,0,0,910,0,0,0,0,0,0,0,0,0,0,0,0,0,0,0,0,0,0,0,0,0,0,0,0,0,0,0,0,0,0,0,0,0,0,0,0,0,0,0,0,0,0,0,0,0,0,2500,0,0,31,0,0,0,0,0,0,0,0,0,0,0,0,0,0,0,0,0,0,0,0,0,710,0,0,0,0,0,0,0,0,0,0,0,0,0,0,0,183,0,0,0,0,899,0,0,0,0,0,0,0,0,0,0,0,0,0,0,0,0
"D85",0,0,0,0,0,0,0,0,0,0,0,0,0,0,0,0,0,0,0,0,0,2,0,0,0,0,0,0,0,0,0,0,0,0,0,0,0,0,0,0,0,0,0,0,0,0,0,0,0,0,0,0,0,0,0,0,0,0,0,0,0,0,0,43409,0,0,0,0,0,0,0,0,0,0,0,0,0,0,0,0,0,0,0,0,0,0,0,0,0,0,0,0,0,0,0,0,0,0,0,0,0,0,0,0,0,0,0,0,0,0,0,0,0,0,0,0,0,0,0,0,0,0,0,0,2,0,0,0,0,0,2,0,1682,0,0,10,0,0,0,0,0,0,0,0,0,0,0,58,0,0,0,0,0,0,0,0,0,0,0,0,0,0,0,0,0,0,0,0,0,0,0,0,0,0,0,0,0,0,0,0,0,0,0,0,0,0,0,0,0,0,0,0,0,0,0,0,0,0,0,0,0,0,0,0,0,0,0,0,0,0,0,0,0,0,0,13,0,0,0,0,0,0,0,0,0,0,0
"D86",0,0,0,0,0,0,0,0,0,0,0,0,0,0,0,0,0,0,0,0,0,0,0,0,0,0,0,0,0,0,0,0,0,0,0,0,0,0,0,0,0,0,0,0,0,0,0,0,0,0,0,0,0,0,0,0,0,0,0,0,0,0,0,118671,0,0,0,0,0,0,0,0,0,0,0,0,0,0,0,0,0,0,0,0,0,0,0,0,0,0,0,0,0,0,0,0,0,0,0,0,0,0,0,0,0,0,0,0,0,0,0,0,0,0,0,0,0,0,0,0,0,0,0,0,0,0,0,0,0,0,0,0,648,0,0,2,0,0,0,0,0,0,0,0,0,0,0,3,0,0,0,0,0,0,0,0,0,0,0,0,0,0,0,0,0,0,0,0,0,0,0,0,0,0,0,0,0,0,0,0,0,0,0,0,0,0,0,0,0,0,0,0,0,0,0,0,0,0,0,0,0,0,0,0,0,0,3,0,0,0,0,0,0,0,0,17,0,0,0,0,0,0,0,0,0,0,0
"D87",0,6,0,0,0,87,0,4,0,0,0,0,0,2,0,0,0,2,0,0,1132,0,0,17,0,2,0,2,0,0,0,0,0,0,0,0,0,0,0,0,1,0,0,0,102,0,0,7,0,0,0,0,0,3,0,17,1,434,6,0,0,0,5,0,0,0,3,1,0,0,0,0,0,78,0,3,9,0,0,0,0,0,0,61,0,4,0,0,13,0,0,0,0,0,0,0,0,0,4,1,0,0,0,341,0,4,0,0,0,7,0,0,0,0,0,0,0,0,2,0,0,0,0,154,0,27,4,0,0,0,353,0,0,0,0,0,0,0,2,0,0,0,6,80,0,1,0,0,0,0,0,0,0,0,0,0,0,0,0,0,0,1,0,0,0,2,0,2,0,14,0,0,0,0,0,0,0,214,0,0,0,0,0,0,0,0,0,0,0,0,0,0,0,0,3,0,0,0,0,22,0,0,0,0,0,0,0,0,0,20,0,0,0,0,4,0,0,20,0,0,0,2,2,4,9,30,0
"D88",0,0,0,0,0,0,0,0,0,0,0,0,0,0,0,0,0,0,0,0,0,0,0,0,0,0,0,0,0,0,0,0,0,0,0,0,0,0,0,0,0,0,110,0,0,0,0,0,0,0,0,0,7,0,0,0,0,0,0,0,0,0,37,0,0,0,0,0,0,947,0,0,0,0,0,0,0,0,6,2,0,0,0,0,0,0,0,0,0,0,0,4934,0,0,0,0,0,0,0,0,0,0,0,0,0,0,0,0,4,0,0,0,0,0,15,0,0,0,0,0,0,0,0,0,0,0,0,0,0,3,0,0,0,2,0,0,0,0,0,2,0,0,0,0,0,0,2,0,0,19704,0,0,0,0,0,0,0,0,0,0,0,0,0,0,0,0,0,0,0,0,0,0,0,0,2,0,0,0,0,0,0,0,0,0,0,0,0,0,7,0,3,0,0,0,0,0,0,0,0,0,0,4,0,0,0,0,0,0,0,0,0,0,0,0,0,0,0,0,0,0,0,0,0,0,3,0,0
"D89",0,0,0,0,0,0,0,0,0,0,0,0,0,0,0,0,0,0,0,0,0,0,0,0,0,0,0,0,0,0,0,0,0,0,0,0,0,0,0,0,0,0,0,0,0,0,15106,0,0,0,0,0,111,0,0,0,0,0,0,0,0,0,0,7,0,0,0,0,0,0,18,0,0,0,0,0,0,0,0,0,0,0,0,23,0,0,0,0,0,0,0,0,0,0,0,16,0,0,0,0,0,0,0,16775,0,0,86,0,0,0,0,0,0,0,0,0,0,0,0,0,0,0,0,0,0,0,0,0,0,0,0,0,0,0,0,0,0,0,0,0,0,0,0,0,0,0,0,0,0,0,0,0,0,0,0,0,0,0,0,0,0,0,0,0,0,0,0,0,0,0,0,0,0,0,0,0,0,0,0,0,0,0,0,0,33,0,0,0,0,0,0,0,0,0,0,0,0,0,0,0,0,0,0,0,0,0,0,0,0,0,0,22,0,0,0,0,0,0,115,0,0,0,0,0,0,0,0
"D90",0,0,0,0,0,0,0,0,0,0,0,0,0,0,0,0,0,0,0,0,1325,0,0,0,0,0,18,0,0,0,0,0,0,0,0,0,0,0,0,0,0,0,32,45,0,366,0,0,0,0,0,0,0,0,0,0,0,536,0,0,0,0,0,0,0,0,0,0,0,8,0,0,0,153,0,0,0,0,0,0,0,0,0,0,0,0,0,0,0,0,0,0,0,0,0,0,0,0,0,0,0,0,0,0,0,0,0,0,0,113,0,0,0,0,0,0,0,0,0,0,0,0,0,0,0,28,0,0,0,0,0,0,0,0,0,0,0,0,0,0,0,0,0,0,0,0,0,0,0,0,0,0,0,0,0,64,0,0,0,0,0,0,0,0,0,0,0,0,0,0,0,0,0,0,0,0,0,656,0,0,0,0,0,0,0,0,0,0,0,0,0,0,0,0,0,0,0,0,0,20,18,0,0,786,38,0,0,0,0,0,0,0,0,0,0,0,0,0,0,0,0,0,0,0,0,25,0
"D91",0,0,0,0,11,0,0,0,0,0,0,0,0,0,0,0,2,0,0,0,0,0,0,0,0,0,0,0,0,0,0,3,1,0,0,0,0,0,3,0,0,0,0,0,0,0,0,0,0,0,0,0,3,0,0,0,0,0,0,0,0,0,0,0,0,0,0,0,0,0,0,0,0,0,0,0,0,0,0,0,0,0,0,2,0,0,0,0,0,0,7,136,0,0,0,0,0,0,0,0,2,0,0,0,0,0,0,0,0,0,0,0,0,0,0,0,0,0,0,0,0,0,980,0,0,0,0,0,0,0,0,4,2,0,0,0,0,0,0,0,0,0,0,2,0,0,0,0,0,0,0,0,0,0,0,0,0,0,0,0,0,0,0,0,0,0,0,0,0,0,0,0,0,0,0,0,0,0,0,0,0,0,0,3,0,0,0,0,0,0,0,0,0,0,0,0,0,0,0,0,0,0,0,0,0,0,0,0,0,0,0,0,0,0,0,0,0,0,0,0,0,0,0,0,0,0,0
"D92",0,0,0,13,0,0,0,0,0,0,0,38,0,0,0,0,0,0,0,0,0,0,0,0,0,0,0,0,0,0,0,11,0,0,0,0,0,0,0,0,0,0,0,0,0,52,0,0,0,0,0,0,11,0,16,1752,0,0,0,0,20,0,0,6,0,0,0,0,0,30,0,0,0,0,0,0,0,0,0,0,0,0,0,0,8,0,0,0,0,0,0,0,0,0,0,0,0,0,0,0,0,0,0,0,1,0,0,0,0,0,5,0,0,0,0,0,0,0,0,0,0,0,0,15,0,26,0,0,0,0,0,15,6,0,0,15,0,0,0,0,0,0,0,0,0,0,0,28,607,19,12,0,0,3,0,0,0,0,0,0,0,0,0,0,0,0,0,0,0,0,0,8907,0,0,22,0,0,0,3,33,0,47,0,0,0,0,0,0,0,0,0,0,0,6,0,0,0,0,0,0,0,0,0,0,0,0,16,0,17,0,0,0,0,0,23,0,0,0,0,0,0,0,0,0,0,0,0
"D93",0,0,0,0,0,0,0,0,0,0,0,0,0,0,0,0,0,0,0,0,0,0,0,0,0,0,0,0,0,0,0,0,0,0,0,0,0,0,0,0,0,0,0,0,0,0,0,0,0,0,0,0,0,0,0,0,0,0,0,0,0,0,0,0,0,0,0,0,0,0,0,0,0,0,0,0,0,0,0,0,0,0,0,0,0,0,0,0,0,0,23,749,0,0,0,0,0,0,0,0,0,0,0,0,0,0,0,0,0,0,0,0,0,0,0,0,6,0,0,0,0,0,1336,0,0,0,0,0,0,0,0,0,0,0,0,0,0,0,0,0,0,0,0,2,0,0,0,0,0,0,0,0,0,0,0,0,0,0,0,0,0,0,0,0,0,0,0,0,0,0,0,0,0,0,0,0,0,0,0,0,0,0,0,0,0,0,0,0,0,0,0,0,0,0,0,0,0,0,0,0,0,0,0,0,0,0,0,0,0,0,0,0,0,0,0,0,0,0,0,0,0,0,0,0,0,0,0
"D94",0,0,0,25,378,6,0,0,0,91,117,0,0,0,7,0,0,0,25,24,0,144,29,2,0,0,0,0,0,0,0,32,0,0,533,0,0,0,14,0,107,0,0,5,0,0,0,0,0,176,0,91,110,0,0,296,0,0,0,289,9,0,26,275,0,0,0,0,0,0,17,0,176,133,451,0,0,0,9,17,10,0,0,265,0,0,0,0,0,0,0,0,6,0,0,0,0,0,16,0,5,0,0,319,285,0,90,28,0,3,0,0,0,0,0,547,0,41,0,0,0,0,0,0,0,4,0,0,0,0,357,0,12,0,0,514,0,11,0,11,0,0,0,1765,0,4,0,19,0,0,0,0,0,2,0,9,3,0,20,0,13,0,0,0,858,0,0,37,0,0,47,20,0,16,0,28,0,0,41,33,0,0,12,4,0,0,0,0,0,0,0,0,38,2,0,0,0,280,0,0,0,0,0,0,8,0,190,5,7,0,12,0,0,0,0,0,0,0,54,0,0,1,0,11,23,23,0
"D95",0,0,0,0,0,0,0,0,0,0,0,0,0,0,0,0,5,0,0,0,0,0,0,0,0,0,0,0,0,0,0,0,0,0,0,0,0,0,0,0,0,0,0,0,0,0,0,0,0,0,0,0,0,0,0,0,0,0,0,0,0,0,0,0,0,0,0,0,0,0,0,0,0,0,0,0,0,0,0,0,0,0,0,0,0,0,0,0,0,0,0,0,0,0,0,0,0,0,0,0,0,0,0,0,0,0,0,0,0,0,0,0,0,0,0,0,871,0,0,0,0,0,0,0,3,0,0,0,0,0,0,0,0,0,0,0,0,0,0,0,0,0,0,0,0,0,0,0,0,0,0,0,0,0,0,0,0,0,0,0,0,0,0,0,0,0,0,0,0,0,0,0,0,0,0,0,0,0,0,0,0,0,0,0,0,0,0,0,0,0,0,0,0,0,0,0,0,0,0,0,0,0,0,0,0,0,0,0,0,0,0,0,0,0,0,0,0,0,0,0,0,0,0,0,0,0,0
"D96",0,0,0,0,313,0,0,0,0,0,0,28,0,0,0,0,0,0,0,115,0,0,3,0,0,0,0,0,2,0,0,0,0,0,0,0,0,0,0,0,0,0,2,0,0,0,4,0,0,0,0,0,4830,0,27,0,0,0,0,4,0,0,0,41,0,0,0,0,0,0,126,0,10,0,0,0,0,0,0,0,0,8,0,0,0,0,0,0,0,0,0,0,0,0,0,98,0,0,0,0,0,0,0,0,29,0,28,0,0,0,0,0,0,0,4,8,0,0,0,0,6,0,0,0,0,0,0,0,0,0,0,0,0,0,0,0,0,0,0,0,0,0,0,78,0,0,0,1,1,0,0,0,0,0,0,0,0,0,356,0,2,0,0,0,15,0,0,5,0,0,0,5,0,0,0,0,0,0,0,5,0,18,0,0,458,0,0,2,0,49,0,0,0,0,0,0,0,0,0,0,0,0,0,0,0,0,0,0,0,0,428,0,0,0,0,0,0,0,4204,0,0,2,0,0,0,0,0
"D97",0,0,0,0,0,0,3,0,0,0,0,0,0,0,0,0,0,3,0,358,0,10,0,0,5,0,0,0,0,0,5,1131,0,0,0,0,0,0,1542,1,0,0,0,0,0,0,0,0,0,0,0,0,967,0,35,43,0,9,0,20,0,0,0,659,0,0,0,0,0,2,36,0,0,0,0,0,0,0,6,0,0,0,0,11,0,0,2,0,0,0,0,0,0,0,0,23,0,0,0,0,113,0,0,32,8159,0,64,2,0,0,0,0,0,28,0,0,0,6,0,0,0,0,0,1,0,0,0,3,0,2,5,0,0,0,0,25,0,1,0,1,0,2,0,1374,0,0,0,0,0,0,0,0,4,0,0,0,0,0,4,0,2,0,0,0,11,0,0,19,0,0,0,28,0,2,2,0,0,2,0,0,0,0,3,0,123,0,0,0,0,172,0,0,4,0,0,0,0,19,0,0,4,0,0,6,36,2,0,4,0,0,107,20,0,0,1,0,0,0,747,201,0,0,0,11,0,0,0
"D98",31,0,1,0,653,2,0,0,0,8,29,0,6,0,0,0,0,0,3,0,0,0,10,42,0,0,0,0,0,3,3,3,0,0,106,0,7,0,29,986,11,0,0,0,0,0,24,0,0,0,0,2,0,0,0,381,1,0,0,0,3,0,0,37,0,0,1,0,0,0,0,0,0,0,84,0,0,5,0,2,0,0,0,27,0,0,0,0,0,0,0,0,0,0,0,0,18,6,20,0,0,0,0,1001,0,0,0,0,0,10,2,0,10,1,2,687,0,6,0,0,12,10,0,0,0,0,0,0,0,0,911,112,0,0,0,7,0,0,0,11,21,8,0,41,0,0,0,0,0,0,0,0,0,0,0,15,3,0,0,0,9,0,32,0,352,0,0,106,0,19,0,0,0,27,0,0,0,0,0,3,0,2,238,0,6,0,0,0,0,10,0,0,10,0,7,0,0,13,0,0,0,0,0,0,240,43,3,8,0,0,0,0,0,0,9,0,0,0,0,0,0,7,0,72,0,3,0
"D99",0,0,0,0,0,0,0,0,0,0,0,0,0,0,0,0,0,0,0,0,0,0,0,0,0,0,0,0,0,0,0,0,0,0,0,0,0,0,0,0,0,0,0,0,0,0,0,0,0,0,0,0,66,0,0,0,0,0,0,0,0,0,0,0,0,0,0,0,0,0,0,0,0,0,0,0,0,0,0,0,0,0,0,0,0,0,0,0,0,0,0,0,0,0,0,0,0,0,0,0,0,0,0,0,0,0,4,0,0,0,0,0,0,0,0,0,0,0,0,0,0,0,0,0,0,0,0,0,0,0,0,0,0,0,0,0,0,0,0,2,0,0,0,0,0,0,0,3,0,0,0,0,0,16,0,0,0,0,0,0,0,0,0,0,0,0,0,0,0,0,0,0,0,0,0,0,0,0,0,0,0,0,0,0,0,0,0,0,0,0,0,0,0,0,0,0,0,0,0,0,0,0,0,0,0,0,0,0,0,0,0,0,0,0,0,0,0,0,2,0,0,0,0,0,0,0,0
"D100",0,0,0,0,5504,0,0,0,0,0,0,0,0,0,2,0,0,0,0,0,0,0,0,0,0,0,0,0,0,0,0,0,0,0,0,0,0,0,2,0,0,0,0,0,0,0,0,0,0,0,0,0,0,0,0,0,0,0,0,0,0,0,0,3,0,0,0,0,0,0,0,0,0,0,0,0,0,0,0,0,0,0,0,0,0,0,0,0,0,0,0,0,0,0,0,0,0,0,0,0,0,0,0,0,0,0,0,0,0,0,0,0,0,0,4,339,0,0,0,0,0,0,0,0,0,0,0,0,0,0,0,0,0,0,0,0,0,0,0,0,0,0,0,0,0,0,0,0,0,0,0,0,0,0,0,0,0,0,0,0,10,0,0,0,0,0,163,0,0,0,1,0,0,0,0,0,0,0,0,0,0,0,0,0,0,0,0,0,0,74,0,0,0,0,0,0,0,0,0,0,0,0,0,0,0,0,0,0,0,0,0,0,0,0,0,0,59,0,0,0,0,2,0,0,0,0,0
"D101",0,0,0,22,0,0,0,0,0,0,0,0,0,0,0,0,0,8,0,0,0,0,0,0,0,0,0,0,19,0,0,0,0,14,0,0,0,0,0,0,0,0,0,0,0,0,0,0,0,0,5,0,4,0,0,0,0,0,0,0,0,0,0,0,0,0,0,0,0,0,0,0,9,0,0,0,0,0,0,0,0,0,0,0,0,0,0,0,0,0,0,0,0,0,0,0,0,0,0,0,0,0,0,0,0,2,0,0,3,0,0,0,0,0,0,0,0,0,0,1,0,0,0,0,0,0,0,0,0,0,0,0,0,0,0,0,0,0,0,0,0,0,0,0,0,0,0,33,0,0,0,0,0,0,0,0,0,0,0,0,0,0,0,0,0,3,0,0,0,0,0,0,0,0,2,0,0,0,0,0,0,0,0,0,0,0,0,0,0,0,0,0,0,192,0,0,0,0,1,0,2,0,0,0,0,0,0,0,29,0,0,0,0,28,0,0,0,0,0,0,3,0,5,0,0,0,0
"D102",0,0,0,0,0,0,0,0,0,0,0,0,0,0,0,0,0,0,0,4,0,0,0,0,0,0,0,0,2,0,0,0,0,0,0,83,0,0,0,0,0,3,0,0,3,0,0,0,0,0,0,0,2,0,0,0,0,0,0,0,0,0,0,0,0,0,0,3,0,0,0,0,0,0,0,0,0,0,0,0,0,0,0,0,0,0,0,0,2,1,0,0,0,1,0,0,0,0,0,26,0,0,0,0,0,2,0,0,0,2,0,0,0,0,0,0,0,0,23,0,0,0,0,0,2,0,0,0,0,0,2,2,0,0,0,0,0,0,0,3,2,0,0,0,0,7,0,0,0,0,3,0,0,0,1,0,0,0,0,0,0,0,0,0,0,0,0,5,0,0,0,0,0,0,0,0,0,2,0,0,0,0,9,0,0,4,10,0,0,0,6,4,0,0,0,0,0,0,0,0,0,3,0,0,0,0,0,0,2,62,0,0,0,0,0,0,0,0,2,0,0,2,0,0,0,0,0
"D103",0,0,0,0,0,0,0,0,0,0,0,0,0,0,0,0,0,0,0,0,0,0,0,135,0,0,0,0,0,0,16,0,0,0,0,0,0,0,0,0,0,0,0,0,0,0,0,0,0,0,0,96,24,0,47,0,0,0,0,0,0,0,0,0,0,0,0,0,0,0,0,0,13,3619,0,0,133,0,11,0,0,0,0,0,0,0,0,0,0,0,0,167,538,0,0,0,0,0,0,0,0,0,0,0,30,0,0,0,0,0,0,0,0,0,0,16,0,0,0,0,0,0,0,0,0,17,0,0,31,0,0,111,0,0,0,0,0,0,0,0,0,0,384,0,0,0,72,0,0,28,0,0,0,0,0,0,0,0,0,0,0,0,0,0,0,0,0,0,0,0,0,120,0,637,0,71,0,0,0,0,0,0,0,0,0,0,0,0,0,0,0,0,0,0,0,0,0,0,0,0,1,0,0,0,0,0,0,58,0,0,0,0,0,0,0,0,0,0,56,0,0,0,0,101,0,418,0
"D104",0,0,0,0,0,0,0,0,0,0,0,0,0,0,0,0,0,0,0,0,0,596,0,0,0,0,0,0,0,0,0,0,0,0,0,0,0,0,0,0,2325,0,0,0,0,42590,0,0,0,0,0,0,0,0,0,0,0,0,0,0,0,0,0,0,0,0,0,0,0,0,0,0,0,0,0,0,0,0,41,0,0,0,0,138,0,0,0,0,0,0,0,0,0,0,0,0,0,0,0,0,0,0,0,2159,3356,0,0,0,0,0,0,0,0,0,0,0,0,0,0,0,0,0,0,0,0,0,0,0,0,0,1052,0,682,0,0,0,0,0,0,0,0,0,0,0,0,0,0,0,0,0,0,0,0,0,0,0,0,0,0,0,3,0,0,0,0,0,0,0,0,0,0,0,0,0,0,0,0,0,0,0,0,0,0,0,0,0,0,0,0,0,0,0,0,0,0,0,0,0,0,0,0,0,0,0,0,0,0,0,0,0,0,0,0,0,0,0,0,0,0,0,0,0,0,0,0,0,0
"D105",0,0,0,0,0,0,0,0,0,22,0,8,0,0,0,0,0,94,0,0,0,375,0,0,0,0,0,0,0,0,0,0,0,0,45,0,0,0,0,0,64,0,0,0,0,0,29,0,0,47,0,0,212,0,0,0,0,0,0,133,55,0,494,0,0,0,0,0,0,0,0,0,0,0,0,0,0,0,0,0,0,0,0,0,0,0,0,0,0,0,0,0,0,0,0,0,0,0,0,0,0,0,0,0,0,0,0,0,0,0,0,0,0,0,288,0,0,0,0,0,0,0,0,13,0,0,0,0,0,0,2,0,190,0,0,260,0,518,0,0,0,0,0,746,0,0,0,352,0,0,0,0,0,6,0,0,33,0,0,0,233,0,0,0,28,0,0,132,0,0,0,0,0,0,0,0,0,0,10,0,0,0,425,283,0,0,0,0,0,146,0,0,0,0,0,0,0,144,0,0,0,0,0,0,0,0,60,0,0,0,0,0,0,0,0,157,897,0,0,366,0,0,0,0,0,0,0
"D106",15,0,0,0,0,0,0,156,0,0,0,2,0,0,0,25,0,0,0,0,0,10,0,168,43,12,0,0,4,0,0,0,27,428,14,167,0,30,0,0,0,115,0,0,38,0,0,233,4,0,12,0,0,130,0,0,32,7,186,0,0,106,0,0,0,0,36,0,0,0,23,0,2,0,0,0,13,0,0,0,6,0,0,0,0,0,0,32,16,0,0,0,0,150,0,0,0,0,0,947,0,20,4,3,0,212,0,0,37,2,0,10,0,7,0,0,0,0,204,31,0,15,0,18,144,22,59,16,2,2,6,0,0,20,0,0,0,0,31,58,0,0,0,0,0,2,5,1,0,0,3,0,0,0,0,0,4,0,0,171,0,2,32,90,0,6,1,0,71,33,0,0,0,0,45,41,0,8,4,75,35,0,2,0,0,1,0,0,3,0,47,0,0,80,181,0,0,0,0,351,0,664,7,1,0,0,0,0,500,31,0,0,10,0,2,0,0,3,0,0,45,4,18,0,6,0,16
"D107",0,0,0,0,0,0,0,0,0,0,0,0,0,0,0,0,17,0,0,0,0,0,0,0,0,0,0,0,0,0,0,0,0,0,0,0,0,0,0,0,0,0,0,0,0,0,140,0,0,0,0,0,0,0,0,41,0,0,0,0,0,0,0,0,0,0,0,0,0,0,0,0,0,0,0,0,0,0,0,0,0,0,0,0,0,0,0,0,0,0,0,0,0,0,0,0,0,0,0,0,0,0,0,0,0,2,0,0,0,0,0,0,0,0,0,0,45,0,0,0,0,0,98,0,0,0,0,0,0,0,0,0,0,0,0,0,0,0,0,0,0,0,0,0,0,0,0,0,0,0,0,0,0,0,0,0,0,0,0,0,0,0,0,0,0,0,0,0,0,0,0,0,0,0,0,0,0,0,0,0,0,0,0,0,0,0,0,0,0,0,0,0,0,0,0,0,17,0,0,0,0,0,0,0,0,0,0,0,0,0,0,0,0,0,0,0,0,0,0,0,0,0,0,0,0,0,0
"D108",0,0,0,0,10,0,0,0,0,0,0,0,0,0,0,0,0,0,0,0,0,0,0,0,0,0,0,0,0,0,0,0,0,0,0,0,0,0,0,73,0,0,0,0,0,0,0,0,22,0,0,0,0,0,0,21,0,0,0,0,0,0,0,0,0,0,0,0,0,0,0,64,0,0,0,0,0,0,0,0,0,0,0,0,0,0,0,0,0,0,0,0,0,0,0,0,0,0,0,0,0,0,0,0,0,0,0,0,0,0,0,0,0,0,0,5,0,0,0,0,0,0,0,0,0,0,0,0,0,0,0,0,2,0,0,0,0,0,0,0,0,0,0,0,0,0,0,0,0,0,0,470,0,0,0,0,0,0,0,0,0,0,0,0,0,0,0,271,0,0,0,0,0,0,0,0,0,0,0,0,0,2,38,0,0,0,0,0,0,0,0,0,0,0,0,0,0,0,0,0,0,0,0,0,0,0,0,0,0,0,0,0,0,0,0,0,0,0,0,0,6,0,0,0,0,0,0
"D109",0,0,0,0,24,0,14,3,13,0,0,0,0,0,10,0,0,3,11,0,0,8,0,0,0,0,4,0,0,0,9,0,0,0,0,0,0,0,2,0,8,1,18,0,0,0,0,0,0,0,0,0,0,0,0,502,0,0,0,0,0,0,5,0,0,3,0,2,67,291,0,0,0,0,0,0,0,0,5,0,0,0,0,0,0,0,0,0,0,0,0,0,0,0,0,0,0,3,0,0,0,0,0,0,0,0,0,0,0,0,0,0,4,0,0,1176,55,0,5,0,37,0,0,0,0,0,0,0,0,0,1,0,0,0,0,0,0,0,0,22,0,0,0,0,0,4,0,0,31,0,0,0,0,0,0,10,0,0,0,0,3,0,0,0,0,0,0,0,0,0,0,0,2,0,0,0,0,0,0,0,8,116,0,0,0,0,0,311,0,0,0,2,0,0,0,0,0,0,0,0,1,2,2,1,0,0,0,0,0,0,0,0,0,0,27,0,0,0,5,465,0,0,0,0,0,0,0
"D110",335,39,34,3,0,0,10,17,134,0,0,0,125,33,2,36,0,15,16,0,31,0,0,32,0,10,39,27,24,9,20,0,170,106,0,351,11,1,0,1,10,65,0,68,0,14,0,6,13,7,60,0,0,30,0,0,23,0,5,2,0,188,0,0,4,57,148,32,21,14,0,0,20,7,0,55,0,191,0,0,25,0,37,9,21,7,27,48,7,25,0,0,56,251,77,0,10,0,0,297,0,15,9,252,16,115,0,4,0,21,1,18,31,76,0,1,0,0,346,311,0,112,0,25,0,5,14,147,20,6,43,0,3,15,158,0,47,19,5,415,0,24,11,2283,19,43,0,0,0,0,14,198,0,0,54,0,166,126,0,93,4,2,163,142,0,48,7,0,25,55,3,0,50,0,0,87,6,0,3,0,7,8,0,50,0,354,43,0,0,0,8,200,0,65,118,30,2,29,156,0,0,67,9,0,0,0,6,0,0,25,0,0,15,0,1,0,0,22,5,0,5,42,31,0,3,46,40
"D111",0,0,0,0,3,0,0,0,0,0,0,0,0,0,0,0,0,0,0,0,0,0,0,0,0,0,0,0,0,0,0,0,0,0,0,0,0,0,0,28,0,0,0,0,0,0,0,0,0,0,0,0,0,0,0,0,0,0,0,0,0,0,0,6,0,0,0,0,0,0,0,853,0,0,15209,0,0,0,0,0,0,0,0,0,0,0,0,0,0,0,0,0,0,0,0,6,0,0,0,0,0,0,0,0,0,0,0,0,0,0,0,0,0,0,0,0,0,0,0,0,0,0,0,0,0,0,0,0,0,0,0,0,0,0,14,0,0,0,0,0,0,0,0,0,0,0,0,0,0,0,0,0,2,0,0,0,0,0,0,0,0,0,0,0,0,0,0,0,0,0,0,0,0,0,0,0,0,0,0,0,0,0,57,0,0,0,0,0,0,0,0,0,0,0,0,0,0,0,0,0,0,0,0,0,459,609,0,0,0,0,0,0,0,0,0,0,539,0,0,0,0,0,0,0,0,0,0
"D112",14,0,15,0,435,0,0,0,0,4,0,0,0,0,0,0,0,0,0,0,0,0,0,2,0,0,0,0,0,1,6,0,0,0,0,0,0,0,0,1138,12,0,12,0,0,0,0,0,0,0,0,0,0,0,0,28,0,0,0,0,5,1,0,0,0,6,0,0,0,0,0,6,0,2,21,2,0,0,0,0,0,0,0,12,0,0,0,0,0,0,0,0,0,0,0,0,0,2,2,0,0,0,0,169,0,0,0,0,0,0,0,0,55,16,32,565,0,20,0,0,17,0,0,0,0,0,0,0,0,0,476,269,0,0,0,12,0,0,0,13,0,0,0,211,0,4,0,5,0,0,10,0,4,0,0,11,20,0,0,0,4,0,0,0,40,0,0,176,0,0,0,0,0,0,0,0,0,0,12,0,0,0,486,43,0,0,0,0,0,5,0,0,32,0,3,0,0,0,0,0,0,0,2,0,194,38,6,28,0,0,0,0,0,0,2,0,0,0,0,0,0,10,0,30,0,0,0
"D113",0,0,5,0,2,0,0,0,12,0,0,0,0,0,0,0,0,0,0,0,0,0,0,0,0,0,0,0,0,0,0,0,0,0,0,0,0,0,0,0,0,0,0,10,0,0,0,0,0,0,0,0,0,0,0,0,121,0,0,0,0,0,0,3,0,3,0,0,5,0,0,0,0,0,0,0,0,14,0,0,0,0,4,0,0,0,0,0,0,0,0,2,0,0,0,0,0,0,0,0,0,0,0,0,0,0,0,0,0,0,0,0,4,0,0,0,0,0,13,0,0,4,16,0,0,0,0,23,0,46,6,0,0,0,20,4,0,0,0,279,0,0,0,0,0,0,0,0,0,0,0,0,0,0,0,0,0,2,0,0,0,0,0,0,0,2,0,0,0,0,0,0,3,0,0,0,39,0,0,0,0,0,0,0,0,0,0,0,0,0,0,0,0,0,4,4,0,0,0,0,0,0,0,0,0,0,0,0,0,0,0,0,0,0,1,0,1,0,0,0,0,37,0,0,0,0,0
"D114",0,0,0,0,0,520,0,0,0,0,0,0,0,0,0,0,0,0,0,0,0,0,0,0,2,0,0,0,0,0,0,0,0,0,0,0,0,0,0,0,113,0,8,0,0,9,0,0,0,0,0,0,0,0,0,0,0,0,0,7,0,0,75,0,0,0,0,0,0,4,0,0,0,0,0,0,0,0,0,0,0,0,0,3223,0,0,0,0,0,0,0,0,0,0,0,0,0,0,0,0,0,0,0,0,0,0,0,1,0,6,0,0,0,0,0,6,0,0,0,0,616,0,0,0,5,0,0,0,0,0,293,0,681,0,0,903,0,209,0,0,0,0,0,0,0,0,0,0,0,0,0,0,0,0,0,0,0,0,0,0,0,0,0,0,0,0,0,9,0,0,0,0,0,0,0,0,0,0,0,184,0,0,0,0,0,0,0,0,0,0,0,0,0,0,0,0,0,0,0,0,0,0,0,0,0,0,1445,0,0,0,0,0,0,0,0,0,0,0,0,0,0,0,0,0,0,0,0
"D115",372,20,2,4,0,0,11,3,140,27,0,0,20,35,2,14,0,0,1,0,39,0,0,39,0,9,47,13,8,2,26,0,98,51,0,385,13,6,0,2,0,52,0,37,0,17,8,11,10,0,24,0,0,30,0,0,21,0,0,0,0,75,0,0,6,96,99,20,25,3,0,0,14,0,0,11,0,116,0,0,40,0,0,7,9,14,8,64,6,29,0,0,29,237,86,1,15,0,2,80,0,18,2,153,16,104,0,4,1,0,22,19,17,7,0,3,0,0,358,98,0,66,0,8,4,1,24,32,31,0,176,0,0,41,20,0,43,5,0,237,0,7,6,3383,26,17,0,0,0,0,19,39,0,183,6,0,89,71,0,90,4,5,110,104,0,30,15,3,57,69,0,0,42,0,0,0,4,0,3,0,8,2,0,196,0,173,27,0,0,0,5,209,0,0,144,10,11,16,98,0,0,97,0,0,0,0,0,0,0,28,0,0,4,0,0,9,0,29,0,0,2,10,15,0,0,41,22
"D116",28,76,0,0,0,0,0,100,0,0,25,0,0,15,0,224,0,0,0,1,401,0,0,153,0,19,3,48,35,56,0,2,77,575,0,0,0,49,0,0,0,18,0,0,2806,926,0,0,31,0,0,13,0,1,0,0,17,102,575,0,0,369,0,1,28,0,0,77,0,109,0,0,0,231,0,76,120,0,0,0,0,0,0,39,0,358,65,0,0,0,0,0,130,191,486,0,0,0,28,145,0,0,1,22,0,1699,0,0,205,130,0,92,0,0,0,22,15,0,50,867,0,0,0,1456,159,981,129,0,724,0,47921,0,0,343,0,0,422,0,22,28,33,0,300,0,78,22,503,16,0,0,0,0,0,0,0,0,0,0,0,849,0,35,0,0,0,11,0,0,13,0,0,0,0,0,430,0,20,0,17,8,0,0,0,0,0,0,0,42,0,0,97,0,0,0,102,0,0,0,0,494,0,3,57,0,0,0,0,0,467,102,0,0,0,8,0,0,0,365,0,104,0,0,0,4,10,0,57
"D117",0,0,0,0,265,0,0,0,0,0,0,0,0,0,0,0,0,0,0,0,0,0,1,0,0,0,0,0,0,0,0,3,0,0,0,0,0,0,0,0,0,0,6,0,0,0,0,0,0,0,0,0,0,0,0,0,0,0,0,0,4,0,0,0,0,0,0,0,0,0,0,2,0,0,0,0,0,0,0,0,0,0,0,0,0,0,0,0,0,55,0,0,0,0,0,0,0,0,0,0,0,0,0,0,0,0,0,0,0,0,0,0,0,0,0,0,0,2,0,0,0,0,0,0,0,0,0,0,0,0,78,0,0,0,0,0,0,0,0,0,0,0,0,0,0,0,0,0,0,0,0,0,12,0,0,0,0,0,0,0,0,0,0,0,1,0,0,523,0,0,0,20,0,0,0,0,0,0,0,0,0,0,522,0,0,0,0,0,0,0,0,0,0,0,0,0,0,0,0,0,0,0,0,0,2,3,0,0,0,0,0,0,0,0,0,0,5,0,0,27,0,0,0,0,0,0,0
"D118",0,0,0,0,368,0,0,0,0,0,326,0,0,0,0,0,0,0,0,445,0,0,616,0,0,0,0,0,0,0,0,1085,0,0,214,0,0,0,0,0,1118,0,0,0,0,0,0,0,0,0,0,0,171,0,0,0,0,360,0,314,0,0,0,542,0,0,0,0,819,0,0,0,65,0,94,0,0,0,143,1345,0,0,0,74,0,0,0,0,0,0,0,0,0,0,0,161,0,0,51,0,0,0,0,117,0,0,0,0,0,0,0,0,0,0,0,0,0,774,0,0,0,0,0,0,0,0,0,0,0,0,341,702,906,0,0,1263,0,0,0,0,0,0,0,0,0,0,0,0,4,0,0,0,0,0,0,0,0,0,996,0,0,0,0,0,749,0,0,0,0,0,122,0,0,0,0,0,0,0,0,0,0,0,0,0,214,0,0,0,454,40,0,0,0,0,0,0,0,0,0,0,0,0,0,0,0,0,0,0,0,0,0,444,0,0,0,1796,126,0,5598,0,0,270,0,0,0,0,0
"D119",6,0,0,0,310,0,0,0,0,0,0,1,0,0,2,0,0,10,0,0,0,0,0,4,0,0,0,0,0,0,0,0,0,0,0,0,13,0,1,708,0,0,0,0,0,0,0,0,0,0,0,0,0,0,0,4,2,0,0,3,0,0,0,0,0,0,3,0,0,0,0,0,0,0,2,0,0,0,0,0,0,0,0,0,0,0,0,0,0,0,0,0,0,0,0,0,1,0,17,0,0,0,0,442,0,0,0,0,0,0,0,0,0,0,41,381,0,0,0,0,3,0,0,0,0,0,0,0,0,0,565,161,0,0,0,0,2,0,0,0,0,7,0,375,12,0,0,5,0,0,0,0,0,2,0,6,13,0,0,0,2,0,0,0,0,0,0,41,0,3,0,0,0,31,0,0,0,0,0,0,0,0,152,0,0,1,0,0,0,22,0,3,0,1,0,0,0,0,2,0,0,0,0,0,118,26,0,44,0,0,0,0,0,0,0,0,0,0,0,5,0,13,0,92,0,0,0
"D120",0,0,0,0,0,0,0,0,0,0,0,0,0,0,0,0,0,0,0,0,0,0,0,0,15,0,0,0,0,0,0,0,0,0,0,0,0,0,0,0,0,0,0,0,0,0,0,0,0,0,0,0,0,0,0,0,0,0,0,0,0,0,0,0,0,0,0,0,0,0,0,0,0,0,0,0,0,0,0,0,0,0,0,0,0,0,0,0,0,0,0,0,0,0,0,0,0,0,0,0,0,0,0,0,0,0,0,0,0,0,0,0,0,0,0,0,61,0,0,0,0,0,0,0,0,0,0,0,0,0,0,4,0,0,0,0,0,0,0,0,0,0,0,0,0,0,0,0,0,0,0,0,0,0,0,0,0,0,0,0,0,0,0,0,0,0,0,0,0,0,0,0,0,0,0,0,0,0,0,0,0,0,0,0,0,0,0,0,0,0,0,0,0,0,0,0,0,0,0,0,0,0,0,0,0,0,0,0,0,0,0,0,0,0,0,0,0,0,0,0,0,0,0,0,0,0,0
"D121",0,0,0,0,0,0,0,0,0,2,0,0,0,0,0,0,0,0,0,0,0,0,0,0,0,0,4,0,0,0,0,0,5,0,0,1,0,0,0,0,0,0,0,0,0,1,0,0,0,0,0,0,0,0,0,0,0,0,0,0,0,5,0,0,0,0,0,0,0,0,0,0,0,0,0,0,0,0,0,0,0,0,0,2,0,0,0,0,0,0,0,4,0,0,0,0,0,0,0,0,0,0,0,0,0,0,0,0,0,0,0,0,0,0,0,0,2,0,0,0,0,0,0,0,2,0,0,0,0,0,4,0,0,0,0,0,0,0,0,0,0,0,0,0,0,0,0,0,0,0,0,0,0,0,0,0,0,0,0,0,4,0,0,0,0,0,0,0,0,0,2,0,0,3,0,0,0,0,0,0,0,0,0,0,0,0,0,0,0,0,0,8,0,0,0,0,0,0,0,0,0,0,0,0,0,0,0,0,0,0,2,0,0,0,0,0,0,0,0,0,0,0,0,0,0,0,0
"D122",0,1,45,20,0,11,54,7,15154,22,0,0,18,7,53,2,0,0,86,0,0,0,0,63,23,8,123,12,0,137,3,0,53,3,0,0,161,0,0,0,87,0,0,11,0,89,0,3,7,54,0,190,0,20,0,0,0,0,297,6,0,230,0,0,71,773,34,82,0,0,0,0,33,393,0,200,5,11,0,0,40,0,26,204,0,2,43,26,0,0,0,0,249,8,913,0,4,83,0,0,0,35,9,371,31,23,0,5,0,40,0,0,39,0,0,0,0,0,1454,163,0,30,0,0,2,494,0,81,517,1148,2397,0,9,0,4,12,2,75,0,1232,5,5,287,0,3,1187,3,0,0,0,0,23,0,0,36,1,206,20,0,75,6,29,7,8,0,13,35,3,39,0,0,0,7,0,41,270,59,16,9,0,36,5,2,0,0,16,183,0,0,0,0,0,0,63,100,4,2,0,56,7,0,0,0,3,0,0,4,0,4,28,0,0,5,3,41,22,0,173,0,0,0,76,1,12,0,242,0
"D123",0,0,0,0,0,0,0,0,0,0,0,0,0,0,0,0,0,0,0,0,0,0,0,0,0,0,0,0,0,0,0,0,0,0,0,0,0,0,0,0,0,0,0,0,17,602,0,0,0,0,0,0,0,0,0,0,0,0,0,0,0,0,0,0,0,0,0,0,0,0,0,0,0,0,17,0,0,0,0,0,0,9,0,0,0,0,0,0,0,0,0,0,0,0,0,8,0,0,0,0,0,0,0,0,0,0,0,0,0,0,0,0,0,0,0,0,0,0,0,0,0,0,0,0,0,0,0,0,0,0,0,15,0,0,0,0,0,0,0,0,0,0,0,0,0,0,0,0,58,0,0,0,0,7,0,0,0,0,0,0,1,0,0,0,0,0,0,0,0,0,0,0,0,0,0,0,0,0,0,0,0,0,0,0,0,0,0,0,13,0,0,0,0,0,0,0,0,0,0,0,0,0,0,0,0,0,0,0,0,0,0,0,0,0,0,0,0,0,6,0,0,0,0,0,0,0,0
"D124",0,0,0,0,484,3,0,0,0,16,25,0,0,0,0,0,0,12,1,685,0,29,18,0,1,0,0,0,0,0,2,28,0,0,13,0,0,0,95,10,18,0,0,0,0,0,0,0,0,17,0,0,2210,0,0,130,7,0,9,16,0,0,4,295,0,0,0,0,0,0,2,0,54,18,38,0,0,0,0,0,0,7,0,67,4,0,0,0,0,0,0,0,0,0,0,15,0,0,3,0,20,0,0,6,169,0,0,0,0,0,0,0,0,0,2,177,0,34,8,0,17,0,0,0,0,0,10,0,0,3,10,0,122,0,0,0,0,0,0,11,2,0,0,37,3,0,0,6,0,0,0,0,15,0,0,0,26,0,8,0,67,3,0,0,0,22,0,9,0,0,13,15,0,0,0,1,0,0,0,11,0,72,0,0,31,0,0,9,0,363,0,0,8,0,3,0,0,13,0,0,11,4,0,5,12,0,100,5,5,0,61,5,0,0,0,18,14,0,199,0,0,11,0,0,0,30,0
"D125",0,0,0,0,0,0,0,0,0,0,0,0,0,0,0,0,0,0,0,0,0,0,0,0,0,0,0,0,0,0,0,0,0,0,0,0,0,0,0,32,0,0,0,0,0,0,0,0,0,0,0,0,0,0,0,0,0,0,0,0,0,0,0,0,0,0,0,0,50,0,0,0,0,0,1991,0,0,0,0,0,0,0,0,0,0,0,0,0,0,0,0,0,0,0,0,0,0,0,0,0,0,0,0,0,0,0,3,0,0,0,0,0,0,0,0,0,0,0,0,0,0,0,0,0,0,0,0,0,0,0,0,10,0,0,0,0,0,0,0,4,0,0,0,0,0,0,0,0,0,0,0,0,0,5,0,0,0,0,0,0,0,0,0,0,1419,0,0,0,0,0,0,0,0,0,0,0,0,0,0,0,0,0,0,0,0,0,0,0,0,0,0,0,0,0,0,0,0,0,0,0,0,0,0,0,85,0,0,0,0,0,0,335,0,0,0,0,380,0,0,0,0,0,0,0,0,0,0
"D126",0,0,0,0,23,0,6,0,0,4,3,99,0,0,5,0,0,3,0,264,0,0,0,0,0,0,0,0,3,3,0,16,0,0,0,0,7,0,22,0,0,0,0,0,0,0,0,0,0,0,0,32,1852,0,927,75,0,0,0,0,0,0,26,26,0,0,0,2,0,0,0,7,14,3,0,0,0,2,0,0,0,2,2,0,0,0,0,0,0,0,0,0,0,4,1,27,0,4,2,0,0,0,0,0,4,0,0,0,0,3,0,0,2,0,31,33,0,0,2,0,13,0,0,0,0,4,0,0,0,0,0,3,0,0,5,1,0,0,0,7,0,0,0,52,0,0,0,14,6,0,0,0,0,0,0,16,11,0,19,0,26,0,0,0,0,0,0,0,0,0,4,70,0,2,0,0,0,0,0,0,0,10,0,0,35,0,0,0,0,0,0,2,0,5,0,0,0,74,0,0,1,0,0,0,0,0,1,0,5,0,0,0,2,0,9,0,0,0,468,2,0,3,0,0,0,0,0
"D127",0,0,0,0,0,0,0,0,0,0,0,0,0,0,0,0,0,0,0,0,0,0,0,0,0,0,0,0,0,0,0,0,0,0,0,0,0,0,0,0,0,0,0,0,0,0,0,0,0,0,0,0,0,0,0,0,0,0,0,0,0,0,0,0,0,0,0,0,0,0,0,0,0,0,0,0,0,0,0,0,0,0,0,0,0,0,0,0,0,0,0,0,0,0,0,0,0,0,0,0,0,0,0,0,0,0,0,0,0,0,0,0,0,0,0,0,0,0,0,0,0,0,0,0,0,0,0,0,0,0,0,0,0,0,0,0,0,0,0,0,0,0,0,0,0,0,0,0,0,0,0,0,0,0,0,0,0,0,0,0,0,0,0,0,0,0,0,0,0,0,0,0,0,0,0,0,0,0,0,0,0,0,0,0,0,0,0,0,0,0,0,0,0,0,0,0,0,0,0,0,0,0,0,0,0,0,0,0,0,0,0,0,0,0,0,0,0,0,2,0,0,0,0,0,0,0,0
"D128",0,0,0,0,0,0,0,0,2,2,0,0,0,0,0,0,0,0,0,0,0,8,0,2,0,0,0,0,0,0,0,0,0,0,0,0,0,0,0,0,0,0,0,0,0,0,0,0,0,0,0,0,0,0,0,0,0,0,0,5,0,0,0,100322,0,0,0,0,6,0,0,0,0,0,0,0,0,0,0,0,0,0,0,0,0,0,0,0,0,0,0,0,0,0,0,0,0,0,0,0,0,0,0,0,0,0,0,0,0,0,0,0,0,0,0,0,0,0,0,0,0,0,0,0,0,0,0,0,0,0,2,0,0,0,0,0,0,0,0,0,0,0,0,0,0,0,0,50,0,0,0,0,0,0,0,0,0,0,0,0,9,0,2,0,0,0,0,0,0,0,0,0,0,0,0,0,0,0,0,0,0,0,0,0,0,0,0,0,0,0,0,0,0,0,0,0,0,0,0,0,0,0,0,0,0,0,0,0,0,0,0,0,0,0,0,50,0,0,0,0,0,0,0,0,0,0,0
"D129",0,0,0,0,0,0,0,0,0,0,0,0,0,0,0,0,0,0,0,0,0,0,0,0,0,0,0,0,0,0,0,0,0,0,0,0,0,0,0,0,0,0,0,0,0,0,0,0,0,0,0,0,0,0,0,0,0,0,0,0,0,0,0,0,0,0,0,0,0,0,0,0,0,0,0,0,0,0,0,0,0,0,0,0,0,0,0,0,0,0,0,0,0,0,0,0,0,0,0,0,0,0,0,0,0,0,0,0,0,0,0,0,0,0,0,0,0,0,0,0,0,0,0,0,0,0,0,0,0,0,0,0,0,0,0,0,0,0,0,0,0,0,0,0,0,0,0,0,0,0,0,0,0,0,0,0,0,0,0,0,0,0,0,0,0,0,0,0,0,0,0,0,0,0,0,0,0,0,0,0,0,0,0,0,0,0,0,0,0,0,0,0,0,0,0,0,0,0,0,0,0,0,0,0,0,0,0,0,0,0,0,0,0,0,0,18,0,0,0,0,0,0,0,0,0,0,0
"D130",0,0,0,0,0,0,0,0,0,0,1909,0,0,0,0,0,0,0,0,0,0,0,152,0,0,0,0,0,0,0,0,0,0,0,314,0,0,0,0,0,0,0,0,0,0,0,0,0,0,0,0,0,161,0,0,0,0,0,0,0,0,0,0,0,0,0,0,0,0,0,0,0,0,0,273,0,0,0,0,0,0,1488,0,0,0,0,0,0,0,0,0,0,0,0,0,0,0,0,0,0,0,0,0,0,0,0,0,0,0,0,0,0,0,0,0,0,0,564,0,0,0,0,0,0,0,0,0,0,0,0,0,0,0,0,0,0,0,0,0,0,0,0,0,0,0,0,0,0,0,0,0,0,0,0,0,0,0,0,182,0,0,0,0,0,853,0,0,0,0,0,0,0,0,0,0,0,0,0,0,0,0,0,0,0,430,0,0,49,0,1172,0,0,0,0,0,0,0,0,0,0,0,0,0,0,0,0,0,0,258,0,0,625,0,0,0,0,542,0,451,60,0,0,0,0,0,0,0
"D131",13,9,43,0,0,0,0,7,508,0,0,0,14,1,9,6,0,0,0,0,0,0,0,7,0,0,2,3,0,90,0,0,2,0,2,0,2,0,0,0,0,0,0,6,0,1,0,3,47,0,0,30,0,0,0,0,96,0,117,0,0,37,0,2,26,140,5,3,5,0,0,6,30,0,7,4,0,24,0,0,6,0,33,0,0,2,0,16,0,0,0,0,0,23,61,0,0,28,0,0,0,7,9,3,0,84,0,0,0,0,0,0,11,0,0,0,0,10,176,129,0,54,0,0,0,24,0,52,1,486,0,0,0,3,213,0,3,59,0,926,0,16,11,0,0,196,0,0,0,0,1,0,12,2,8,0,119,10,0,38,0,10,24,23,18,11,4,3,6,0,0,139,0,2,1,26,50,0,3,0,79,16,2,0,0,7,8,0,0,0,0,0,0,21,21,0,6,0,69,0,0,0,0,6,0,1,0,1,2,9,0,0,4,0,117,0,2,34,0,0,1,65,6,1,0,4,31
"D132",0,0,0,0,400,30,0,0,260,0,0,60,0,0,79,0,0,67,0,34,0,0,53,0,0,0,0,0,0,0,0,123,0,0,0,0,0,0,0,0,561,0,0,0,0,0,0,0,0,251,78,339,883,0,319,0,78,378,0,873,194,0,0,0,0,0,0,0,0,72,0,0,91,130,0,215,200,0,13,97,0,534,0,0,0,0,0,0,0,0,0,0,0,0,0,0,0,0,0,0,0,0,0,312,1768,0,0,113,0,0,0,0,0,95,332,0,0,0,0,0,170,0,0,0,0,0,0,0,0,0,287,0,0,0,0,390,0,76,0,377,0,0,0,759,0,83,0,53,347,0,0,0,0,211,0,0,201,0,0,0,221,0,0,0,111,0,0,511,0,0,201,428,0,0,0,0,0,0,0,0,0,0,0,0,600,0,12,12,0,345,0,0,310,0,50,0,0,0,0,0,0,0,0,0,0,0,121,0,0,0,0,0,0,0,0,448,472,0,143,501,0,0,0,0,0,223,0
"D133",0,0,0,0,0,0,0,0,0,0,0,0,0,0,0,0,0,0,0,0,0,0,0,0,0,0,0,0,0,0,0,0,0,0,0,0,0,0,0,0,0,0,0,0,0,0,0,0,0,0,0,0,0,0,0,0,0,0,0,0,0,0,0,0,0,0,0,0,0,0,0,0,0,0,0,0,0,0,0,0,0,0,0,0,0,0,0,0,0,0,0,0,0,0,0,0,0,0,0,0,0,0,0,0,0,0,0,0,0,0,0,0,0,0,0,151088,0,0,0,0,0,0,0,0,0,0,0,0,0,0,14,0,0,0,0,0,0,0,0,0,0,0,0,24,0,0,0,0,0,0,0,0,0,0,0,0,0,0,0,0,0,0,0,0,0,0,0,0,0,0,0,0,0,0,0,0,0,0,0,0,0,0,0,0,0,0,0,0,0,0,0,4,0,0,0,0,0,0,0,0,0,0,0,0,0,0,0,0,0,0,0,0,0,0,0,0,0,0,0,0,0,0,0,0,0,0,0
"D134",0,0,0,0,9,0,0,0,0,0,9,0,0,0,0,0,0,0,0,2,0,0,491,0,0,0,0,0,0,0,0,0,0,0,74,0,0,0,0,0,0,0,0,0,0,0,0,47,0,0,0,0,0,0,0,0,0,0,0,0,0,0,0,2,0,0,0,0,0,0,0,102,0,0,404,0,0,0,0,0,0,0,0,0,0,0,0,0,0,0,0,0,0,0,0,0,0,0,0,0,0,0,0,0,0,0,0,0,0,0,0,0,0,0,0,5,0,1276,0,0,0,0,0,0,0,0,0,0,0,0,0,0,0,0,0,0,0,0,0,0,0,0,0,0,0,0,0,0,0,0,0,0,13274,0,0,0,0,0,0,0,0,0,0,0,4360,0,0,28,0,0,0,0,0,0,0,0,0,0,0,0,0,0,0,0,16,0,0,0,0,3,0,0,0,0,0,0,0,0,0,0,0,0,0,0,0,97,0,0,0,0,0,0,0,0,0,0,0,0,0,0,0,0,0,0,0,0,0
"D135",321,35,29,0,0,0,0,0,143,1,0,0,25,47,13,13,0,2,2,0,0,0,0,70,1,9,55,7,0,4,52,1,0,88,0,0,15,3,0,0,13,0,0,0,21,25,0,0,11,0,0,0,0,58,24,0,33,2,11,0,0,55,0,0,2,69,153,44,8,0,0,0,27,31,0,30,1,86,0,0,36,2,8,0,21,17,14,45,0,0,6,3,44,162,48,0,8,0,0,0,0,3,0,259,4,78,0,8,0,0,43,8,57,77,1,0,2,0,350,362,20,119,0,6,0,3,32,53,18,3,44,0,0,0,51,0,23,0,1,393,0,0,2,225,16,51,0,0,0,0,0,0,0,4,22,2,223,76,0,105,11,17,155,126,0,18,10,7,19,39,0,0,57,1,2,68,28,0,8,5,18,16,0,41,0,255,53,0,0,0,2,82,0,62,148,6,2,30,73,0,0,0,0,0,0,94,11,0,0,42,0,0,15,1,1,0,0,26,0,0,6,36,0,0,0,80,11
"D136",0,0,0,0,0,0,0,0,0,0,0,0,0,0,0,0,0,0,0,0,0,1,0,0,0,0,0,0,0,0,0,0,0,0,0,0,0,0,0,0,0,0,0,0,0,0,0,0,0,0,0,0,0,0,3,2,0,0,0,6,0,0,0,91124,0,0,0,0,0,0,0,0,0,0,0,0,0,0,0,0,0,0,0,0,0,0,0,0,0,0,0,0,0,0,0,0,0,0,0,0,0,0,0,0,0,0,0,0,0,0,0,0,0,0,0,0,0,0,0,0,0,0,0,0,0,0,0,0,0,0,0,2,0,0,0,194,0,0,0,0,0,0,0,0,0,0,0,465,0,0,0,0,0,0,0,0,0,0,0,0,45,0,0,0,0,0,0,0,0,0,0,0,0,0,0,0,0,0,0,0,0,0,0,0,0,0,0,0,0,0,0,0,0,0,0,0,0,0,0,0,0,0,0,0,0,0,8,0,0,0,0,0,0,0,0,0,0,0,3,0,0,0,0,0,0,0,0
"D137",0,0,0,0,0,0,0,0,0,0,0,0,0,6,0,0,0,0,0,0,0,0,0,0,0,0,0,0,0,0,0,0,0,0,0,0,0,0,0,0,0,0,0,0,0,0,0,0,0,0,0,0,166,0,0,0,0,0,0,0,0,0,0,222,0,0,0,0,0,0,0,0,0,94,0,0,0,0,20,0,0,4,0,0,0,0,0,0,0,0,0,0,0,0,0,0,0,0,0,0,1,0,0,0,0,0,0,0,0,0,0,0,0,0,0,0,0,0,0,0,0,0,0,8,14,0,0,0,0,0,155,0,0,0,0,100,0,0,0,71,0,0,0,258,0,0,0,0,0,0,0,0,0,0,0,0,0,0,0,0,0,0,0,0,0,0,0,0,0,0,0,7,0,0,0,0,0,0,12,0,0,1,0,0,55,0,0,0,0,19,0,0,0,0,0,0,0,2,0,0,0,0,0,0,0,0,0,0,0,0,0,0,0,0,0,0,0,0,154,228,0,0,0,0,0,0,0
"D138",0,0,0,0,0,53,0,0,0,0,0,0,0,0,0,0,0,0,0,0,0,0,0,0,0,0,0,0,0,0,0,0,0,0,0,0,0,0,0,0,0,0,0,0,0,0,0,0,0,0,0,0,20,0,0,0,0,1,0,9,0,0,1,5,0,0,0,0,0,0,0,0,0,0,0,0,0,0,40,0,0,0,0,0,0,0,0,0,0,0,0,42,0,0,0,0,0,0,0,0,0,0,0,0,0,0,0,0,0,0,0,0,0,7,0,0,0,0,0,0,0,0,0,0,0,0,0,0,0,0,0,0,0,0,0,0,0,3,0,1,0,0,0,7,0,0,0,45,0,4217,0,0,0,0,0,1,0,0,0,0,2,0,0,0,0,0,0,0,0,0,2,0,0,0,0,0,0,5,5,0,0,0,0,0,0,0,0,28,36,0,0,0,0,0,0,0,0,0,0,0,10,0,0,0,0,0,0,0,0,0,0,0,0,0,8,0,0,0,0,0,0,0,0,0,0,0,0
"D139",0,0,0,0,0,0,0,0,0,0,0,0,0,0,0,0,0,0,0,0,0,0,0,0,0,0,0,0,0,0,0,0,0,0,0,0,0,0,0,0,0,0,0,0,0,0,0,0,0,0,0,0,0,0,0,0,0,0,0,0,0,0,14,0,0,0,0,0,0,0,0,0,0,0,0,0,0,0,4,0,0,0,0,0,0,0,0,0,0,0,0,0,0,0,0,0,0,0,0,0,0,0,0,0,0,0,0,0,0,0,0,0,0,0,0,0,0,0,0,0,0,0,0,0,0,0,0,0,0,0,0,0,0,0,0,0,0,0,0,0,0,0,0,0,0,0,0,0,0,0,0,0,0,0,0,0,0,0,0,0,0,0,0,0,0,0,0,0,0,0,0,0,0,0,0,0,0,0,0,0,0,0,0,0,0,0,0,0,0,0,0,0,0,0,0,0,0,0,0,0,0,0,0,0,0,0,0,0,0,0,0,0,0,0,0,0,0,0,0,0,0,0,0,0,0,0,0
"D140",0,0,2,0,0,0,0,0,102,0,0,0,0,2,0,0,0,0,0,0,0,0,0,0,0,0,0,0,0,0,0,0,0,0,0,0,0,0,0,0,0,0,0,0,0,9,0,0,0,0,0,0,0,0,0,0,132,0,0,0,0,0,0,3,0,0,0,0,3,0,0,0,0,0,0,0,0,16,0,0,0,0,7,0,0,0,0,0,0,0,0,0,10,0,0,0,0,0,0,0,0,0,0,0,0,0,0,0,0,0,0,0,0,0,0,0,0,0,37,0,0,0,0,0,0,0,0,1,0,42,5,0,0,0,0,0,0,0,0,259,0,0,0,0,0,1,0,0,0,0,0,0,0,0,0,0,2,0,0,0,0,10,0,0,6,0,0,0,0,0,0,0,2,0,0,0,0,0,0,0,0,0,0,0,0,0,0,0,0,0,0,0,0,0,0,0,0,0,0,0,0,0,0,0,0,0,0,0,0,0,0,0,0,0,1,0,0,0,0,5,0,0,0,0,0,23,0
"D141",0,0,0,0,0,12,0,0,0,0,0,0,0,0,0,0,0,0,0,0,0,0,0,0,0,0,0,0,0,0,0,0,0,0,0,0,0,0,0,0,0,0,0,0,0,0,0,0,0,0,0,6,0,0,0,0,0,0,0,17,0,0,0,0,0,0,0,0,0,0,0,0,0,3,0,0,0,0,0,0,0,0,0,352,3,0,0,0,0,0,0,0,0,0,0,0,0,2,0,0,0,0,0,0,0,0,0,0,0,0,0,0,0,0,0,0,0,0,0,0,0,0,0,0,0,63,0,0,0,0,61,0,0,0,0,1622,0,59,0,127,0,0,0,0,0,0,0,150,0,2,0,0,0,0,0,70,0,0,0,0,13,0,0,0,0,0,0,0,0,0,0,0,0,0,0,0,0,68,26,0,0,0,0,0,0,0,0,0,0,0,0,0,0,0,15,0,0,0,0,58,3,0,0,0,0,0,0,0,0,0,0,0,0,0,0,0,0,0,0,0,0,0,0,31,0,5,0
"D142",2,0,0,0,0,0,0,0,0,0,0,0,0,0,3,0,0,0,0,0,0,0,0,0,0,0,0,0,0,0,0,0,0,0,0,0,2,0,0,0,0,0,0,0,0,0,0,0,0,0,0,7,0,0,0,0,0,0,0,0,0,0,0,0,0,0,0,0,0,0,0,0,0,21,0,0,0,0,0,0,0,0,0,0,0,0,0,0,0,0,0,0,0,0,0,0,0,0,0,0,0,0,0,15,0,0,0,0,0,0,0,0,0,0,0,0,0,0,0,0,0,0,0,0,0,0,0,0,0,0,0,0,0,0,0,0,0,0,0,2,0,0,0,0,0,0,0,0,0,0,0,0,0,0,0,0,0,0,0,0,10,0,0,0,0,0,0,0,0,0,0,0,0,0,0,0,0,0,0,0,0,4,0,0,0,0,0,0,0,0,0,0,3,0,2,0,0,0,0,0,0,0,0,0,0,0,0,0,0,0,0,0,0,0,0,0,0,0,0,0,0,0,0,0,0,0,0
"D143",0,0,0,0,0,0,0,0,0,0,0,0,0,0,0,0,0,0,0,0,0,0,0,0,0,0,0,0,0,0,0,0,0,0,0,0,0,0,0,0,0,0,0,0,0,0,0,0,0,6,0,0,0,0,0,10,0,0,2,0,0,0,0,0,0,2,0,0,0,0,0,0,4,0,0,0,0,0,0,0,0,0,0,0,0,0,0,0,0,0,0,0,0,0,0,0,0,0,0,0,0,0,0,0,0,0,0,0,0,0,0,0,0,0,0,30,0,0,0,0,0,0,0,2,0,0,0,0,0,0,0,0,0,0,0,0,26,0,0,0,0,0,0,0,0,0,0,0,0,0,0,0,0,0,0,0,0,2,0,0,0,0,0,0,0,0,0,0,1,3,0,0,0,0,0,0,0,0,3,0,0,0,0,0,0,0,0,0,0,0,0,0,0,0,0,0,0,0,0,0,0,0,0,0,0,0,0,0,2,0,0,0,0,0,0,0,0,0,0,0,0,0,0,0,0,0,0
